
Stretch:   0%|          | 0/3149 [00:00<?, ?it/s]
Stretch:   0%|          | 1/3149 [00:01<57:22,  1.09s/it]
Stretch:   0%|          | 2/3149 [00:02<58:53,  1.12s/it]
Stretch:   0%|          | 3/3149 [00:03<57:20,  1.09s/it]
Stretch:   0%|          | 4/3149 [00:04<52:45,  1.01s/it]
Stretch:   0%|          | 5/3149 [00:04<49:11,  1.07it/s]
Stretch:   0%|          | 6/3149 [00:05<48:38,  1.08it/s]
Stretch:   0%|          | 7/3149 [00:06<47:03,  1.11it/s]
Stretch:   0%|          | 8/3149 [00:07<46:44,  1.12it/s]
Stretch:   0%|          | 9/3149 [00:08<47:27,  1.10it/s]
Stretch:   0%|          | 10/3149 [00:09<47:08,  1.11it/s]
Stretch:   0%|          | 11/3149 [00:10<48:30,  1.08it/s]
Stretch:   0%|          | 12/3149 [00:11<50:25,  1.04it/s]
Stretch:   0%|          | 13/3149 [00:12<49:41,  1.05it/s]
Stretch:   0%|          | 14/3149 [00:13<49:15,  1.06it/s]
Stretch:   0%|          | 15/3149 [00:14<51:52,  1.01it/s]
Stretch:   1%|          | 16/3149 [00:16<1:05:22,  1.25s/it]
Stretch:   1%|          | 17/3149 [00:17<58:47,  1.13s/it]  
Stretch:   1%|          | 18/3149 [00:18<56:13,  1.08s/it]
Stretch:   1%|          | 19/3149 [00:18<52:36,  1.01s/it]
Stretch:   1%|          | 20/3149 [00:19<52:58,  1.02s/it]
Stretch:   1%|          | 21/3149 [00:21<1:05:36,  1.26s/it]
Stretch:   1%|          | 22/3149 [00:23<1:05:15,  1.25s/it]
Stretch:   1%|          | 23/3149 [00:23<58:36,  1.12s/it]  
Stretch:   1%|          | 24/3149 [00:24<55:25,  1.06s/it]
Stretch:   1%|          | 25/3149 [00:25<52:55,  1.02s/it]
Stretch:   1%|          | 26/3149 [00:26<54:34,  1.05s/it]
Stretch:   1%|          | 27/3149 [00:27<56:07,  1.08s/it]
Stretch:   1%|          | 28/3149 [00:28<54:15,  1.04s/it]
Stretch:   1%|          | 29/3149 [00:29<51:16,  1.01it/s]
Stretch:   1%|          | 30/3149 [00:30<49:40,  1.05it/s]
Stretch:   1%|          | 31/3149 [00:31<50:16,  1.03it/s]
Stretch:   1%|          | 32/3149 [00:32<51:59,  1.00s/it]
Stretch:   1%|          | 33/3149 [00:33<52:43,  1.02s/it]
Stretch:   1%|          | 34/3149 [00:35<57:33,  1.11s/it]
Stretch:   1%|          | 35/3149 [00:37<1:19:21,  1.53s/it]
Stretch:   1%|          | 36/3149 [00:40<1:46:10,  2.05s/it]
Stretch:   1%|          | 37/3149 [00:44<2:12:31,  2.56s/it]
Stretch:   1%|          | 38/3149 [00:46<2:09:57,  2.51s/it]
Stretch:   1%|          | 39/3149 [00:47<1:46:21,  2.05s/it]
Stretch:   1%|▏         | 40/3149 [00:48<1:28:39,  1.71s/it]
Stretch:   1%|▏         | 41/3149 [00:49<1:14:26,  1.44s/it]
Stretch:   1%|▏         | 42/3149 [00:50<1:05:03,  1.26s/it]
Stretch:   1%|▏         | 43/3149 [00:51<59:35,  1.15s/it]  
Stretch:   1%|▏         | 44/3149 [00:52<57:13,  1.11s/it]
Stretch:   1%|▏         | 45/3149 [00:53<58:17,  1.13s/it]
Stretch:   1%|▏         | 46/3149 [00:54<54:40,  1.06s/it]
Stretch:   1%|▏         | 47/3149 [00:55<51:39,  1.00it/s]
Stretch:   2%|▏         | 48/3149 [00:56<50:01,  1.03it/s]
Stretch:   2%|▏         | 49/3149 [00:57<49:38,  1.04it/s]
Stretch:   2%|▏         | 50/3149 [00:58<48:07,  1.07it/s]
Stretch:   2%|▏         | 51/3149 [00:58<46:47,  1.10it/s]
Stretch:   2%|▏         | 52/3149 [00:59<45:17,  1.14it/s]
Stretch:   2%|▏         | 53/3149 [01:00<46:04,  1.12it/s]
Stretch:   2%|▏         | 54/3149 [01:01<51:47,  1.00s/it]
Stretch:   2%|▏         | 55/3149 [01:02<50:44,  1.02it/s]
Stretch:   2%|▏         | 56/3149 [01:03<52:06,  1.01s/it]
Stretch:   2%|▏         | 57/3149 [01:04<51:57,  1.01s/it]
Stretch:   2%|▏         | 58/3149 [01:06<1:01:47,  1.20s/it]
Stretch:   2%|▏         | 59/3149 [01:07<55:46,  1.08s/it]  
Stretch:   2%|▏         | 60/3149 [01:08<52:26,  1.02s/it]
Stretch:   2%|▏         | 61/3149 [01:09<49:33,  1.04it/s]
Stretch:   2%|▏         | 62/3149 [01:09<47:55,  1.07it/s]
Stretch:   2%|▏         | 63/3149 [01:10<46:54,  1.10it/s]
Stretch:   2%|▏         | 64/3149 [01:11<48:28,  1.06it/s]
Stretch:   2%|▏         | 65/3149 [01:12<49:20,  1.04it/s]
Stretch:   2%|▏         | 66/3149 [01:13<48:54,  1.05it/s]
Stretch:   2%|▏         | 67/3149 [01:14<47:41,  1.08it/s]
Stretch:   2%|▏         | 68/3149 [01:15<46:31,  1.10it/s]
Stretch:   2%|▏         | 69/3149 [01:16<46:19,  1.11it/s]
Stretch:   2%|▏         | 70/3149 [01:17<46:19,  1.11it/s]
Stretch:   2%|▏         | 71/3149 [01:18<50:12,  1.02it/s]
Stretch:   2%|▏         | 72/3149 [01:19<53:35,  1.05s/it]
Stretch:   2%|▏         | 73/3149 [01:21<59:07,  1.15s/it]
Stretch:   2%|▏         | 74/3149 [01:22<59:20,  1.16s/it]
Stretch:   2%|▏         | 75/3149 [01:23<55:55,  1.09s/it]
Stretch:   2%|▏         | 76/3149 [01:24<52:16,  1.02s/it]
Stretch:   2%|▏         | 77/3149 [01:25<52:48,  1.03s/it]
Stretch:   2%|▏         | 78/3149 [01:26<51:30,  1.01s/it]
Stretch:   3%|▎         | 79/3149 [01:27<59:18,  1.16s/it]
Stretch:   3%|▎         | 80/3149 [01:28<54:37,  1.07s/it]
Stretch:   3%|▎         | 81/3149 [01:29<51:00,  1.00it/s]
Stretch:   3%|▎         | 82/3149 [01:30<47:59,  1.07it/s]
Stretch:   3%|▎         | 83/3149 [01:31<50:54,  1.00it/s]
Stretch:   3%|▎         | 84/3149 [01:32<54:49,  1.07s/it]
Stretch:   3%|▎         | 85/3149 [01:33<58:31,  1.15s/it]
Stretch:   3%|▎         | 86/3149 [01:34<57:08,  1.12s/it]
Stretch:   3%|▎         | 87/3149 [01:35<54:34,  1.07s/it]
Stretch:   3%|▎         | 88/3149 [01:36<52:39,  1.03s/it]
Stretch:   3%|▎         | 89/3149 [01:37<53:41,  1.05s/it]
Stretch:   3%|▎         | 90/3149 [01:38<55:14,  1.08s/it]
Stretch:   3%|▎         | 91/3149 [01:39<54:30,  1.07s/it]
Stretch:   3%|▎         | 92/3149 [01:41<54:12,  1.06s/it]
Stretch:   3%|▎         | 93/3149 [01:42<54:37,  1.07s/it]
Stretch:   3%|▎         | 94/3149 [01:43<54:15,  1.07s/it]
Stretch:   3%|▎         | 95/3149 [01:44<54:53,  1.08s/it]
Stretch:   3%|▎         | 96/3149 [01:45<51:05,  1.00s/it]
Stretch:   3%|▎         | 97/3149 [01:46<54:32,  1.07s/it]
Stretch:   3%|▎         | 98/3149 [01:47<54:35,  1.07s/it]
Stretch:   3%|▎         | 99/3149 [01:49<1:04:01,  1.26s/it]
Stretch:   3%|▎         | 100/3149 [01:50<1:02:11,  1.22s/it]
Stretch:   3%|▎         | 101/3149 [01:51<59:25,  1.17s/it]  
Stretch:   3%|▎         | 102/3149 [01:52<54:20,  1.07s/it]
Stretch:   3%|▎         | 103/3149 [01:53<54:25,  1.07s/it]
Stretch:   3%|▎         | 104/3149 [01:54<53:52,  1.06s/it]
Stretch:   3%|▎         | 105/3149 [01:55<54:39,  1.08s/it]
Stretch:   3%|▎         | 106/3149 [01:56<55:22,  1.09s/it]
Stretch:   3%|▎         | 107/3149 [01:57<54:44,  1.08s/it]
Stretch:   3%|▎         | 108/3149 [01:58<51:31,  1.02s/it]
Stretch:   3%|▎         | 109/3149 [01:59<53:22,  1.05s/it]
Stretch:   3%|▎         | 110/3149 [02:00<53:57,  1.07s/it]
Stretch:   4%|▎         | 111/3149 [02:01<54:37,  1.08s/it]
Stretch:   4%|▎         | 112/3149 [02:02<53:41,  1.06s/it]
Stretch:   4%|▎         | 113/3149 [02:04<56:50,  1.12s/it]
Stretch:   4%|▎         | 114/3149 [02:05<58:49,  1.16s/it]
Stretch:   4%|▎         | 115/3149 [02:06<57:26,  1.14s/it]
Stretch:   4%|▎         | 116/3149 [02:07<56:55,  1.13s/it]
Stretch:   4%|▎         | 117/3149 [02:08<57:17,  1.13s/it]
Stretch:   4%|▎         | 118/3149 [02:09<53:04,  1.05s/it]
Stretch:   4%|▍         | 119/3149 [02:10<56:06,  1.11s/it]
Stretch:   4%|▍         | 120/3149 [02:11<54:16,  1.07s/it]
Stretch:   4%|▍         | 121/3149 [02:12<53:06,  1.05s/it]
Stretch:   4%|▍         | 122/3149 [02:13<51:29,  1.02s/it]
Stretch:   4%|▍         | 123/3149 [02:14<47:47,  1.06it/s]
Stretch:   4%|▍         | 124/3149 [02:15<47:11,  1.07it/s]
Stretch:   4%|▍         | 125/3149 [02:16<47:04,  1.07it/s]
Stretch:   4%|▍         | 126/3149 [02:17<46:51,  1.08it/s]
Stretch:   4%|▍         | 127/3149 [02:18<46:04,  1.09it/s]
Stretch:   4%|▍         | 128/3149 [02:18<45:42,  1.10it/s]
Stretch:   4%|▍         | 129/3149 [02:19<46:41,  1.08it/s]
Stretch:   4%|▍         | 130/3149 [02:20<46:31,  1.08it/s]
Stretch:   4%|▍         | 131/3149 [02:21<45:39,  1.10it/s]
Stretch:   4%|▍         | 132/3149 [02:22<43:21,  1.16it/s]
Stretch:   4%|▍         | 133/3149 [02:23<41:40,  1.21it/s]
Stretch:   4%|▍         | 134/3149 [02:24<41:31,  1.21it/s]
Stretch:   4%|▍         | 135/3149 [02:24<41:20,  1.22it/s]
Stretch:   4%|▍         | 136/3149 [02:25<41:54,  1.20it/s]
Stretch:   4%|▍         | 137/3149 [02:26<42:00,  1.19it/s]
Stretch:   4%|▍         | 138/3149 [02:27<46:25,  1.08it/s]
Stretch:   4%|▍         | 139/3149 [02:28<47:59,  1.05it/s]
Stretch:   4%|▍         | 140/3149 [02:29<46:29,  1.08it/s]
Stretch:   4%|▍         | 141/3149 [02:30<45:41,  1.10it/s]
Stretch:   5%|▍         | 142/3149 [02:31<51:43,  1.03s/it]
Stretch:   5%|▍         | 143/3149 [02:32<51:31,  1.03s/it]
Stretch:   5%|▍         | 144/3149 [02:34<1:04:26,  1.29s/it]
Stretch:   5%|▍         | 145/3149 [02:36<1:06:01,  1.32s/it]
Stretch:   5%|▍         | 146/3149 [02:37<1:05:37,  1.31s/it]
Stretch:   5%|▍         | 147/3149 [02:38<1:00:21,  1.21s/it]
Stretch:   5%|▍         | 148/3149 [02:39<56:34,  1.13s/it]  
Stretch:   5%|▍         | 149/3149 [02:40<54:52,  1.10s/it]
Stretch:   5%|▍         | 150/3149 [02:41<54:31,  1.09s/it]
Stretch:   5%|▍         | 151/3149 [02:42<52:17,  1.05s/it]
Stretch:   5%|▍         | 152/3149 [02:43<49:12,  1.02it/s]
Stretch:   5%|▍         | 153/3149 [02:44<48:27,  1.03it/s]
Stretch:   5%|▍         | 154/3149 [02:45<47:43,  1.05it/s]
Stretch:   5%|▍         | 155/3149 [02:46<49:26,  1.01it/s]
Stretch:   5%|▍         | 156/3149 [02:47<48:42,  1.02it/s]
Stretch:   5%|▍         | 157/3149 [02:48<48:21,  1.03it/s]
Stretch:   5%|▌         | 158/3149 [02:48<47:02,  1.06it/s]
Stretch:   5%|▌         | 159/3149 [02:50<52:47,  1.06s/it]
Stretch:   5%|▌         | 160/3149 [02:50<47:15,  1.05it/s]
Stretch:   5%|▌         | 161/3149 [02:51<44:47,  1.11it/s]
Stretch:   5%|▌         | 162/3149 [02:52<44:29,  1.12it/s]
Stretch:   5%|▌         | 163/3149 [02:55<1:10:16,  1.41s/it]
Stretch:   5%|▌         | 164/3149 [02:56<1:06:08,  1.33s/it]
Stretch:   5%|▌         | 165/3149 [02:57<56:26,  1.14s/it]  
Stretch:   5%|▌         | 166/3149 [02:57<52:06,  1.05s/it]
Stretch:   5%|▌         | 167/3149 [02:58<49:03,  1.01it/s]
Stretch:   5%|▌         | 168/3149 [02:59<48:25,  1.03it/s]
Stretch:   5%|▌         | 169/3149 [03:01<54:12,  1.09s/it]
Stretch:   5%|▌         | 170/3149 [03:02<56:57,  1.15s/it]
Stretch:   5%|▌         | 171/3149 [03:03<54:45,  1.10s/it]
Stretch:   5%|▌         | 172/3149 [03:04<52:14,  1.05s/it]
Stretch:   5%|▌         | 173/3149 [03:05<49:48,  1.00s/it]
Stretch:   6%|▌         | 174/3149 [03:05<47:53,  1.04it/s]
Stretch:   6%|▌         | 175/3149 [03:06<47:01,  1.05it/s]
Stretch:   6%|▌         | 176/3149 [03:07<48:19,  1.03it/s]
Stretch:   6%|▌         | 177/3149 [03:08<47:50,  1.04it/s]
Stretch:   6%|▌         | 178/3149 [03:09<49:45,  1.00s/it]
Stretch:   6%|▌         | 179/3149 [03:11<53:52,  1.09s/it]
Stretch:   6%|▌         | 180/3149 [03:12<55:54,  1.13s/it]
Stretch:   6%|▌         | 181/3149 [03:13<59:38,  1.21s/it]
Stretch:   6%|▌         | 182/3149 [03:14<56:57,  1.15s/it]
Stretch:   6%|▌         | 183/3149 [03:16<1:00:59,  1.23s/it]
Stretch:   6%|▌         | 184/3149 [03:17<57:28,  1.16s/it]  
Stretch:   6%|▌         | 185/3149 [03:18<54:01,  1.09s/it]
Stretch:   6%|▌         | 186/3149 [03:19<49:54,  1.01s/it]
Stretch:   6%|▌         | 187/3149 [03:19<47:37,  1.04it/s]
Stretch:   6%|▌         | 188/3149 [03:20<46:31,  1.06it/s]
Stretch:   6%|▌         | 189/3149 [03:21<46:55,  1.05it/s]
Stretch:   6%|▌         | 190/3149 [03:22<46:01,  1.07it/s]
Stretch:   6%|▌         | 191/3149 [03:23<45:27,  1.08it/s]
Stretch:   6%|▌         | 192/3149 [03:24<49:26,  1.00s/it]
Stretch:   6%|▌         | 193/3149 [03:25<49:38,  1.01s/it]
Stretch:   6%|▌         | 194/3149 [03:26<48:16,  1.02it/s]
Stretch:   6%|▌         | 195/3149 [03:27<47:57,  1.03it/s]
Stretch:   6%|▌         | 196/3149 [03:28<46:27,  1.06it/s]
Stretch:   6%|▋         | 197/3149 [03:29<44:23,  1.11it/s]
Stretch:   6%|▋         | 198/3149 [03:30<44:20,  1.11it/s]
Stretch:   6%|▋         | 199/3149 [03:31<44:17,  1.11it/s]
Stretch:   6%|▋         | 200/3149 [03:32<44:22,  1.11it/s]
Stretch:   6%|▋         | 201/3149 [03:32<43:40,  1.13it/s]
Stretch:   6%|▋         | 202/3149 [03:33<45:21,  1.08it/s]
Stretch:   6%|▋         | 203/3149 [03:34<44:51,  1.09it/s]
Stretch:   6%|▋         | 204/3149 [03:36<50:17,  1.02s/it]
Stretch:   7%|▋         | 205/3149 [03:37<59:16,  1.21s/it]
Stretch:   7%|▋         | 206/3149 [03:38<54:33,  1.11s/it]
Stretch:   7%|▋         | 207/3149 [03:39<51:48,  1.06s/it]
Stretch:   7%|▋         | 208/3149 [03:40<48:36,  1.01it/s]
Stretch:   7%|▋         | 209/3149 [03:41<48:25,  1.01it/s]
Stretch:   7%|▋         | 210/3149 [03:42<49:14,  1.01s/it]
Stretch:   7%|▋         | 211/3149 [03:43<51:45,  1.06s/it]
Stretch:   7%|▋         | 212/3149 [03:44<50:11,  1.03s/it]
Stretch:   7%|▋         | 213/3149 [03:45<50:19,  1.03s/it]
Stretch:   7%|▋         | 214/3149 [03:46<53:22,  1.09s/it]
Stretch:   7%|▋         | 215/3149 [03:48<56:56,  1.16s/it]
Stretch:   7%|▋         | 216/3149 [03:49<1:02:15,  1.27s/it]
Stretch:   7%|▋         | 217/3149 [03:50<1:01:22,  1.26s/it]
Stretch:   7%|▋         | 218/3149 [03:52<1:03:50,  1.31s/it]
Stretch:   7%|▋         | 219/3149 [03:53<1:03:08,  1.29s/it]
Stretch:   7%|▋         | 220/3149 [03:54<1:03:00,  1.29s/it]
Stretch:   7%|▋         | 221/3149 [03:55<56:43,  1.16s/it]  
Stretch:   7%|▋         | 222/3149 [03:56<52:15,  1.07s/it]
Stretch:   7%|▋         | 223/3149 [03:57<51:31,  1.06s/it]
Stretch:   7%|▋         | 224/3149 [03:58<49:27,  1.01s/it]
Stretch:   7%|▋         | 225/3149 [03:59<51:42,  1.06s/it]
Stretch:   7%|▋         | 226/3149 [04:00<49:03,  1.01s/it]
Stretch:   7%|▋         | 227/3149 [04:01<48:27,  1.01it/s]
Stretch:   7%|▋         | 228/3149 [04:02<46:15,  1.05it/s]
Stretch:   7%|▋         | 229/3149 [04:03<45:26,  1.07it/s]
Stretch:   7%|▋         | 230/3149 [04:04<43:49,  1.11it/s]
Stretch:   7%|▋         | 231/3149 [04:04<43:39,  1.11it/s]
Stretch:   7%|▋         | 232/3149 [04:05<45:07,  1.08it/s]
Stretch:   7%|▋         | 233/3149 [04:06<44:35,  1.09it/s]
Stretch:   7%|▋         | 234/3149 [04:07<45:47,  1.06it/s]
Stretch:   7%|▋         | 235/3149 [04:08<45:04,  1.08it/s]
Stretch:   7%|▋         | 236/3149 [04:09<46:03,  1.05it/s]
Stretch:   8%|▊         | 237/3149 [04:10<44:48,  1.08it/s]
Stretch:   8%|▊         | 238/3149 [04:11<47:38,  1.02it/s]
Stretch:   8%|▊         | 239/3149 [04:12<48:53,  1.01s/it]
Stretch:   8%|▊         | 240/3149 [04:13<49:59,  1.03s/it]
Stretch:   8%|▊         | 241/3149 [04:14<48:31,  1.00s/it]
Stretch:   8%|▊         | 242/3149 [04:15<47:15,  1.03it/s]
Stretch:   8%|▊         | 243/3149 [04:16<47:47,  1.01it/s]
Stretch:   8%|▊         | 244/3149 [04:17<48:41,  1.01s/it]
Stretch:   8%|▊         | 245/3149 [04:18<49:28,  1.02s/it]
Stretch:   8%|▊         | 246/3149 [04:19<50:30,  1.04s/it]
Stretch:   8%|▊         | 247/3149 [04:21<54:11,  1.12s/it]
Stretch:   8%|▊         | 248/3149 [04:22<52:29,  1.09s/it]
Stretch:   8%|▊         | 249/3149 [04:23<1:00:05,  1.24s/it]
Stretch:   8%|▊         | 250/3149 [04:24<56:25,  1.17s/it]  
Stretch:   8%|▊         | 251/3149 [04:25<53:13,  1.10s/it]
Stretch:   8%|▊         | 252/3149 [04:26<51:12,  1.06s/it]
Stretch:   8%|▊         | 253/3149 [04:27<50:29,  1.05s/it]
Stretch:   8%|▊         | 254/3149 [04:28<51:27,  1.07s/it]
Stretch:   8%|▊         | 255/3149 [04:29<50:51,  1.05s/it]
Stretch:   8%|▊         | 256/3149 [04:30<47:29,  1.02it/s]
Stretch:   8%|▊         | 257/3149 [04:31<45:35,  1.06it/s]
Stretch:   8%|▊         | 258/3149 [04:32<46:09,  1.04it/s]
Stretch:   8%|▊         | 259/3149 [04:33<46:34,  1.03it/s]
Stretch:   8%|▊         | 260/3149 [04:34<44:46,  1.08it/s]
Stretch:   8%|▊         | 261/3149 [04:35<43:46,  1.10it/s]
Stretch:   8%|▊         | 262/3149 [04:36<48:00,  1.00it/s]
Stretch:   8%|▊         | 263/3149 [04:37<49:45,  1.03s/it]
Stretch:   8%|▊         | 264/3149 [04:38<46:07,  1.04it/s]
Stretch:   8%|▊         | 265/3149 [04:39<47:35,  1.01it/s]
Stretch:   8%|▊         | 266/3149 [04:40<46:08,  1.04it/s]
Stretch:   8%|▊         | 267/3149 [04:41<54:09,  1.13s/it]
Stretch:   9%|▊         | 268/3149 [04:42<52:19,  1.09s/it]
Stretch:   9%|▊         | 269/3149 [04:43<49:27,  1.03s/it]
Stretch:   9%|▊         | 270/3149 [04:44<46:54,  1.02it/s]
Stretch:   9%|▊         | 271/3149 [04:45<47:08,  1.02it/s]
Stretch:   9%|▊         | 272/3149 [04:47<55:09,  1.15s/it]
Stretch:   9%|▊         | 273/3149 [04:48<56:42,  1.18s/it]
Stretch:   9%|▊         | 274/3149 [04:49<54:12,  1.13s/it]
Stretch:   9%|▊         | 275/3149 [04:50<53:28,  1.12s/it]
Stretch:   9%|▉         | 276/3149 [04:51<52:52,  1.10s/it]
Stretch:   9%|▉         | 277/3149 [04:52<52:30,  1.10s/it]
Stretch:   9%|▉         | 278/3149 [04:53<55:45,  1.17s/it]
Stretch:   9%|▉         | 279/3149 [04:55<53:28,  1.12s/it]
Stretch:   9%|▉         | 280/3149 [04:56<52:16,  1.09s/it]
Stretch:   9%|▉         | 281/3149 [04:56<49:35,  1.04s/it]
Stretch:   9%|▉         | 282/3149 [04:57<48:23,  1.01s/it]
Stretch:   9%|▉         | 283/3149 [04:58<46:01,  1.04it/s]
Stretch:   9%|▉         | 284/3149 [04:59<44:51,  1.06it/s]
Stretch:   9%|▉         | 285/3149 [05:00<46:12,  1.03it/s]
Stretch:   9%|▉         | 286/3149 [05:01<43:35,  1.09it/s]
Stretch:   9%|▉         | 287/3149 [05:02<41:02,  1.16it/s]
Stretch:   9%|▉         | 288/3149 [05:03<49:24,  1.04s/it]
Stretch:   9%|▉         | 289/3149 [05:04<45:47,  1.04it/s]
Stretch:   9%|▉         | 290/3149 [05:05<43:23,  1.10it/s]
Stretch:   9%|▉         | 291/3149 [05:06<42:16,  1.13it/s]
Stretch:   9%|▉         | 292/3149 [05:06<41:12,  1.16it/s]
Stretch:   9%|▉         | 293/3149 [05:07<39:57,  1.19it/s]
Stretch:   9%|▉         | 294/3149 [05:08<40:07,  1.19it/s]
Stretch:   9%|▉         | 295/3149 [05:09<39:54,  1.19it/s]
Stretch:   9%|▉         | 296/3149 [05:10<40:08,  1.18it/s]
Stretch:   9%|▉         | 297/3149 [05:11<44:27,  1.07it/s]
Stretch:   9%|▉         | 298/3149 [05:12<43:42,  1.09it/s]
Stretch:   9%|▉         | 299/3149 [05:13<44:54,  1.06it/s]
Stretch:  10%|▉         | 300/3149 [05:14<45:01,  1.05it/s]
Stretch:  10%|▉         | 301/3149 [05:14<42:56,  1.11it/s]
Stretch:  10%|▉         | 302/3149 [05:15<43:20,  1.09it/s]
Stretch:  10%|▉         | 303/3149 [05:16<45:30,  1.04it/s]
Stretch:  10%|▉         | 304/3149 [05:18<50:57,  1.07s/it]
Stretch:  10%|▉         | 305/3149 [05:19<51:31,  1.09s/it]
Stretch:  10%|▉         | 306/3149 [05:20<44:38,  1.06it/s]
Stretch:  10%|▉         | 307/3149 [05:20<32:52,  1.44it/s]
Stretch:  10%|▉         | 308/3149 [05:20<28:08,  1.68it/s]
Stretch:  10%|▉         | 309/3149 [05:20<21:17,  2.22it/s]
Stretch:  10%|▉         | 310/3149 [05:20<16:49,  2.81it/s]
Stretch:  10%|▉         | 311/3149 [05:20<13:17,  3.56it/s]
Stretch:  10%|▉         | 312/3149 [05:20<11:01,  4.29it/s]
Stretch:  10%|▉         | 313/3149 [05:21<09:20,  5.06it/s]
Stretch:  10%|▉         | 314/3149 [05:21<08:24,  5.62it/s]
Stretch:  10%|█         | 315/3149 [05:21<07:19,  6.44it/s]
Stretch:  10%|█         | 316/3149 [05:21<06:38,  7.10it/s]
Stretch:  10%|█         | 318/3149 [05:21<06:01,  7.82it/s]
Stretch:  10%|█         | 319/3149 [05:21<06:05,  7.73it/s]
Stretch:  10%|█         | 320/3149 [05:21<06:03,  7.77it/s]
Stretch:  10%|█         | 321/3149 [05:22<05:51,  8.06it/s]
Stretch:  10%|█         | 323/3149 [05:22<05:33,  8.47it/s]
Stretch:  10%|█         | 324/3149 [05:22<05:59,  7.86it/s]
Stretch:  10%|█         | 325/3149 [05:22<05:56,  7.92it/s]
Stretch:  10%|█         | 327/3149 [05:22<05:09,  9.12it/s]
Stretch:  10%|█         | 329/3149 [05:22<05:00,  9.40it/s]
Stretch:  10%|█         | 330/3149 [05:23<05:20,  8.78it/s]
Stretch:  11%|█         | 331/3149 [05:23<05:46,  8.14it/s]
Stretch:  11%|█         | 332/3149 [05:23<05:32,  8.47it/s]
Stretch:  11%|█         | 333/3149 [05:23<05:19,  8.80it/s]
Stretch:  11%|█         | 334/3149 [05:23<05:21,  8.74it/s]
Stretch:  11%|█         | 335/3149 [05:23<05:50,  8.02it/s]
Stretch:  11%|█         | 336/3149 [05:23<06:18,  7.43it/s]
Stretch:  11%|█         | 338/3149 [05:24<09:54,  4.73it/s]
Stretch:  11%|█         | 340/3149 [05:24<08:02,  5.82it/s]
Stretch:  11%|█         | 342/3149 [05:24<06:38,  7.05it/s]
Stretch:  11%|█         | 343/3149 [05:25<06:43,  6.95it/s]
Stretch:  11%|█         | 344/3149 [05:25<06:23,  7.32it/s]
Stretch:  11%|█         | 345/3149 [05:25<06:20,  7.38it/s]
Stretch:  11%|█         | 347/3149 [05:25<05:49,  8.01it/s]
Stretch:  11%|█         | 348/3149 [05:25<06:08,  7.60it/s]
Stretch:  11%|█         | 349/3149 [05:25<06:18,  7.40it/s]
Stretch:  11%|█         | 351/3149 [05:25<05:26,  8.56it/s]
Stretch:  11%|█         | 353/3149 [05:26<05:02,  9.25it/s]
Stretch:  11%|█         | 354/3149 [05:26<05:06,  9.11it/s]
Stretch:  11%|█▏        | 356/3149 [05:26<04:43,  9.86it/s]
Stretch:  11%|█▏        | 358/3149 [05:26<04:31, 10.29it/s]
Stretch:  11%|█▏        | 360/3149 [05:26<04:28, 10.40it/s]
Stretch:  11%|█▏        | 362/3149 [05:26<04:21, 10.67it/s]
Stretch:  12%|█▏        | 364/3149 [05:27<04:44,  9.78it/s]
Stretch:  12%|█▏        | 366/3149 [05:27<04:40,  9.92it/s]
Stretch:  12%|█▏        | 368/3149 [05:27<04:31, 10.24it/s]
Stretch:  12%|█▏        | 370/3149 [05:27<04:40,  9.90it/s]
Stretch:  12%|█▏        | 371/3149 [05:27<05:11,  8.92it/s]
Stretch:  12%|█▏        | 372/3149 [05:28<05:23,  8.59it/s]
Stretch:  12%|█▏        | 374/3149 [05:28<04:47,  9.65it/s]
Stretch:  12%|█▏        | 375/3149 [05:28<04:53,  9.45it/s]
Stretch:  12%|█▏        | 377/3149 [05:28<05:00,  9.22it/s]
Stretch:  12%|█▏        | 378/3149 [05:28<05:09,  8.95it/s]
Stretch:  12%|█▏        | 379/3149 [05:28<05:14,  8.80it/s]
Stretch:  12%|█▏        | 380/3149 [05:28<05:12,  8.87it/s]
Stretch:  12%|█▏        | 381/3149 [05:29<05:37,  8.20it/s]
Stretch:  12%|█▏        | 382/3149 [05:29<06:37,  6.96it/s]
Stretch:  12%|█▏        | 383/3149 [05:29<08:13,  5.60it/s]
Stretch:  12%|█▏        | 384/3149 [05:29<08:27,  5.45it/s]
Stretch:  12%|█▏        | 385/3149 [05:29<08:27,  5.45it/s]
Stretch:  12%|█▏        | 386/3149 [05:30<07:28,  6.15it/s]
Stretch:  12%|█▏        | 388/3149 [05:30<05:56,  7.75it/s]
Stretch:  12%|█▏        | 390/3149 [05:30<05:21,  8.58it/s]
Stretch:  12%|█▏        | 391/3149 [05:30<08:50,  5.20it/s]
Stretch:  12%|█▏        | 392/3149 [05:31<08:34,  5.36it/s]
Stretch:  12%|█▏        | 393/3149 [05:31<08:31,  5.39it/s]
Stretch:  13%|█▎        | 394/3149 [05:31<07:37,  6.02it/s]
Stretch:  13%|█▎        | 396/3149 [05:31<06:05,  7.54it/s]
Stretch:  13%|█▎        | 397/3149 [05:31<06:20,  7.23it/s]
Stretch:  13%|█▎        | 398/3149 [05:31<07:07,  6.44it/s]
Stretch:  13%|█▎        | 399/3149 [05:32<06:54,  6.64it/s]
Stretch:  13%|█▎        | 401/3149 [05:32<05:37,  8.14it/s]
Stretch:  13%|█▎        | 402/3149 [05:32<05:44,  7.98it/s]
Stretch:  13%|█▎        | 403/3149 [05:32<05:37,  8.14it/s]
Stretch:  13%|█▎        | 404/3149 [05:32<05:47,  7.89it/s]
Stretch:  13%|█▎        | 405/3149 [05:32<06:01,  7.59it/s]
Stretch:  13%|█▎        | 406/3149 [05:32<06:56,  6.59it/s]
Stretch:  13%|█▎        | 408/3149 [05:33<05:43,  7.99it/s]
Stretch:  13%|█▎        | 410/3149 [05:33<05:03,  9.01it/s]
Stretch:  13%|█▎        | 412/3149 [05:33<04:45,  9.57it/s]
Stretch:  13%|█▎        | 414/3149 [05:33<04:51,  9.39it/s]
Stretch:  13%|█▎        | 415/3149 [05:33<05:31,  8.24it/s]
Stretch:  13%|█▎        | 416/3149 [05:34<05:28,  8.33it/s]
Stretch:  13%|█▎        | 418/3149 [05:34<04:56,  9.22it/s]
Stretch:  13%|█▎        | 420/3149 [05:34<04:46,  9.52it/s]
Stretch:  13%|█▎        | 422/3149 [05:34<04:56,  9.18it/s]
Stretch:  13%|█▎        | 423/3149 [05:34<05:29,  8.27it/s]
Stretch:  13%|█▎        | 424/3149 [05:34<05:34,  8.15it/s]
Stretch:  13%|█▎        | 425/3149 [05:35<05:20,  8.51it/s]
Stretch:  14%|█▎        | 427/3149 [05:35<05:07,  8.86it/s]
Stretch:  14%|█▎        | 428/3149 [05:35<05:54,  7.68it/s]
Stretch:  14%|█▎        | 429/3149 [05:35<05:51,  7.73it/s]
Stretch:  14%|█▎        | 431/3149 [05:35<05:02,  8.99it/s]
Stretch:  14%|█▍        | 433/3149 [05:35<05:03,  8.95it/s]
Stretch:  14%|█▍        | 434/3149 [05:36<06:36,  6.85it/s]
Stretch:  14%|█▍        | 435/3149 [05:36<06:23,  7.07it/s]
Stretch:  14%|█▍        | 436/3149 [05:36<06:14,  7.24it/s]
Stretch:  14%|█▍        | 438/3149 [05:36<05:54,  7.65it/s]
Stretch:  14%|█▍        | 439/3149 [05:36<06:08,  7.36it/s]
Stretch:  14%|█▍        | 440/3149 [05:36<05:55,  7.61it/s]
Stretch:  14%|█▍        | 442/3149 [05:37<05:00,  8.99it/s]
Stretch:  14%|█▍        | 443/3149 [05:37<04:54,  9.20it/s]
Stretch:  14%|█▍        | 445/3149 [05:37<04:59,  9.04it/s]
Stretch:  14%|█▍        | 446/3149 [05:37<05:31,  8.15it/s]
Stretch:  14%|█▍        | 447/3149 [05:37<05:34,  8.07it/s]
Stretch:  14%|█▍        | 449/3149 [05:37<04:52,  9.23it/s]
Stretch:  14%|█▍        | 451/3149 [05:38<04:46,  9.43it/s]
Stretch:  14%|█▍        | 452/3149 [05:38<05:36,  8.02it/s]
Stretch:  14%|█▍        | 453/3149 [05:38<06:02,  7.44it/s]
Stretch:  14%|█▍        | 455/3149 [05:38<05:03,  8.86it/s]
Stretch:  14%|█▍        | 456/3149 [05:38<05:23,  8.32it/s]
Stretch:  15%|█▍        | 457/3149 [05:39<06:13,  7.22it/s]
Stretch:  15%|█▍        | 458/3149 [05:39<05:52,  7.64it/s]
Stretch:  15%|█▍        | 460/3149 [05:39<05:02,  8.89it/s]
Stretch:  15%|█▍        | 461/3149 [05:39<05:22,  8.35it/s]
Stretch:  15%|█▍        | 462/3149 [05:39<06:47,  6.60it/s]
Stretch:  15%|█▍        | 463/3149 [05:39<06:39,  6.72it/s]
Stretch:  15%|█▍        | 464/3149 [05:39<06:43,  6.65it/s]
Stretch:  15%|█▍        | 465/3149 [05:40<06:11,  7.23it/s]
Stretch:  15%|█▍        | 466/3149 [05:40<05:58,  7.47it/s]
Stretch:  15%|█▍        | 467/3149 [05:40<05:52,  7.61it/s]
Stretch:  15%|█▍        | 468/3149 [05:40<05:47,  7.72it/s]
Stretch:  15%|█▍        | 470/3149 [05:40<05:05,  8.76it/s]
Stretch:  15%|█▍        | 472/3149 [05:40<04:35,  9.73it/s]
Stretch:  15%|█▌        | 473/3149 [05:40<04:42,  9.47it/s]
Stretch:  15%|█▌        | 474/3149 [05:41<05:12,  8.56it/s]
Stretch:  15%|█▌        | 475/3149 [05:41<05:46,  7.71it/s]
Stretch:  15%|█▌        | 476/3149 [05:41<05:34,  7.99it/s]
Stretch:  15%|█▌        | 478/3149 [05:41<04:51,  9.17it/s]
Stretch:  15%|█▌        | 479/3149 [05:41<04:59,  8.91it/s]
Stretch:  15%|█▌        | 480/3149 [05:41<05:14,  8.49it/s]
Stretch:  15%|█▌        | 481/3149 [05:41<05:14,  8.48it/s]
Stretch:  15%|█▌        | 482/3149 [05:42<09:51,  4.51it/s]
Stretch:  15%|█▌        | 483/3149 [05:42<09:37,  4.62it/s]
Stretch:  15%|█▌        | 484/3149 [05:42<08:17,  5.36it/s]
Stretch:  15%|█▌        | 486/3149 [05:42<07:04,  6.28it/s]
Stretch:  15%|█▌        | 487/3149 [05:43<07:00,  6.32it/s]
Stretch:  15%|█▌        | 488/3149 [05:43<07:04,  6.27it/s]
Stretch:  16%|█▌        | 489/3149 [05:43<06:48,  6.52it/s]
Stretch:  16%|█▌        | 490/3149 [05:43<06:31,  6.80it/s]
Stretch:  16%|█▌        | 491/3149 [05:43<06:02,  7.33it/s]
Stretch:  16%|█▌        | 492/3149 [05:43<06:07,  7.22it/s]
Stretch:  16%|█▌        | 493/3149 [05:44<06:27,  6.85it/s]
Stretch:  16%|█▌        | 494/3149 [05:44<07:45,  5.71it/s]
Stretch:  16%|█▌        | 496/3149 [05:44<06:38,  6.66it/s]
Stretch:  16%|█▌        | 497/3149 [05:44<07:22,  5.99it/s]
Stretch:  16%|█▌        | 498/3149 [05:44<07:16,  6.07it/s]
Stretch:  16%|█▌        | 500/3149 [05:45<06:05,  7.25it/s]
Stretch:  16%|█▌        | 501/3149 [05:45<07:16,  6.07it/s]
Stretch:  16%|█▌        | 502/3149 [05:45<07:28,  5.90it/s]
Stretch:  16%|█▌        | 503/3149 [05:45<06:54,  6.39it/s]
Stretch:  16%|█▌        | 504/3149 [05:45<06:29,  6.79it/s]
Stretch:  16%|█▌        | 505/3149 [05:45<07:25,  5.93it/s]
Stretch:  16%|█▌        | 506/3149 [05:46<07:35,  5.80it/s]
Stretch:  16%|█▌        | 507/3149 [05:46<06:48,  6.47it/s]
Stretch:  16%|█▌        | 509/3149 [05:46<05:26,  8.08it/s]
Stretch:  16%|█▌        | 511/3149 [05:46<05:14,  8.40it/s]
Stretch:  16%|█▋        | 512/3149 [05:46<06:08,  7.17it/s]
Stretch:  16%|█▋        | 513/3149 [05:47<06:22,  6.90it/s]
Stretch:  16%|█▋        | 514/3149 [05:47<06:08,  7.15it/s]
Stretch:  16%|█▋        | 515/3149 [05:47<05:53,  7.46it/s]
Stretch:  16%|█▋        | 516/3149 [05:47<05:55,  7.40it/s]
Stretch:  16%|█▋        | 517/3149 [05:47<06:23,  6.87it/s]
Stretch:  16%|█▋        | 519/3149 [05:47<05:20,  8.20it/s]
Stretch:  17%|█▋        | 520/3149 [05:47<05:13,  8.40it/s]
Stretch:  17%|█▋        | 521/3149 [05:48<05:59,  7.32it/s]
Stretch:  17%|█▋        | 522/3149 [05:48<06:43,  6.51it/s]
Stretch:  17%|█▋        | 523/3149 [05:48<06:04,  7.20it/s]
Stretch:  17%|█▋        | 525/3149 [05:48<05:03,  8.65it/s]
Stretch:  17%|█▋        | 526/3149 [05:48<04:55,  8.88it/s]
Stretch:  17%|█▋        | 528/3149 [05:48<04:55,  8.87it/s]
Stretch:  17%|█▋        | 529/3149 [05:49<05:28,  7.99it/s]
Stretch:  17%|█▋        | 531/3149 [05:49<04:58,  8.77it/s]
Stretch:  17%|█▋        | 532/3149 [05:49<05:05,  8.55it/s]
Stretch:  17%|█▋        | 533/3149 [05:49<06:51,  6.36it/s]
Stretch:  17%|█▋        | 534/3149 [05:50<09:07,  4.78it/s]
Stretch:  17%|█▋        | 535/3149 [05:50<09:35,  4.54it/s]
Stretch:  17%|█▋        | 536/3149 [05:50<08:46,  4.96it/s]
Stretch:  17%|█▋        | 537/3149 [05:50<07:46,  5.60it/s]
Stretch:  17%|█▋        | 538/3149 [05:50<07:08,  6.09it/s]
Stretch:  17%|█▋        | 539/3149 [05:50<06:48,  6.39it/s]
Stretch:  17%|█▋        | 540/3149 [05:50<06:33,  6.62it/s]
Stretch:  17%|█▋        | 541/3149 [05:51<06:44,  6.44it/s]
Stretch:  17%|█▋        | 542/3149 [05:51<07:53,  5.50it/s]
Stretch:  17%|█▋        | 543/3149 [05:51<07:28,  5.81it/s]
Stretch:  17%|█▋        | 544/3149 [05:51<07:23,  5.88it/s]
Stretch:  17%|█▋        | 545/3149 [05:51<07:11,  6.04it/s]
Stretch:  17%|█▋        | 546/3149 [05:51<06:52,  6.32it/s]
Stretch:  17%|█▋        | 547/3149 [05:52<06:13,  6.97it/s]
Stretch:  17%|█▋        | 548/3149 [05:52<06:02,  7.18it/s]
Stretch:  17%|█▋        | 549/3149 [05:52<06:31,  6.64it/s]
Stretch:  17%|█▋        | 550/3149 [05:52<07:08,  6.06it/s]
Stretch:  17%|█▋        | 551/3149 [05:52<06:38,  6.53it/s]
Stretch:  18%|█▊        | 552/3149 [05:52<06:33,  6.61it/s]
Stretch:  18%|█▊        | 553/3149 [05:53<06:35,  6.57it/s]
Stretch:  18%|█▊        | 554/3149 [05:53<07:01,  6.16it/s]
Stretch:  18%|█▊        | 555/3149 [05:53<06:27,  6.70it/s]
Stretch:  18%|█▊        | 556/3149 [05:53<06:05,  7.10it/s]
Stretch:  18%|█▊        | 558/3149 [05:53<05:48,  7.44it/s]
Stretch:  18%|█▊        | 559/3149 [05:53<06:18,  6.84it/s]
Stretch:  18%|█▊        | 560/3149 [05:53<06:11,  6.98it/s]
Stretch:  18%|█▊        | 561/3149 [05:54<06:18,  6.84it/s]
Stretch:  18%|█▊        | 562/3149 [05:54<06:41,  6.45it/s]
Stretch:  18%|█▊        | 563/3149 [05:54<06:27,  6.68it/s]
Stretch:  18%|█▊        | 564/3149 [05:54<07:34,  5.69it/s]
Stretch:  18%|█▊        | 565/3149 [05:54<06:59,  6.16it/s]
Stretch:  18%|█▊        | 566/3149 [05:55<07:14,  5.94it/s]
Stretch:  18%|█▊        | 567/3149 [05:55<07:14,  5.95it/s]
Stretch:  18%|█▊        | 568/3149 [05:55<06:32,  6.58it/s]
Stretch:  18%|█▊        | 569/3149 [05:55<06:01,  7.13it/s]
Stretch:  18%|█▊        | 571/3149 [05:55<05:24,  7.95it/s]
Stretch:  18%|█▊        | 572/3149 [05:55<05:44,  7.47it/s]
Stretch:  18%|█▊        | 574/3149 [05:55<05:00,  8.56it/s]
Stretch:  18%|█▊        | 575/3149 [05:56<05:23,  7.96it/s]
Stretch:  18%|█▊        | 576/3149 [05:56<06:21,  6.74it/s]
Stretch:  18%|█▊        | 577/3149 [05:56<06:50,  6.27it/s]
Stretch:  18%|█▊        | 578/3149 [05:56<06:19,  6.77it/s]
Stretch:  18%|█▊        | 579/3149 [05:56<05:50,  7.34it/s]
Stretch:  18%|█▊        | 581/3149 [05:56<05:25,  7.89it/s]
Stretch:  18%|█▊        | 582/3149 [05:57<06:18,  6.79it/s]
Stretch:  19%|█▊        | 584/3149 [05:57<05:37,  7.59it/s]
Stretch:  19%|█▊        | 585/3149 [05:57<06:19,  6.75it/s]
Stretch:  19%|█▊        | 586/3149 [05:57<06:39,  6.41it/s]
Stretch:  19%|█▊        | 587/3149 [05:57<06:19,  6.74it/s]
Stretch:  19%|█▊        | 588/3149 [05:58<06:07,  6.97it/s]
Stretch:  19%|█▊        | 589/3149 [05:58<06:33,  6.50it/s]
Stretch:  19%|█▊        | 590/3149 [05:58<06:48,  6.27it/s]
Stretch:  19%|█▉        | 592/3149 [05:58<05:40,  7.51it/s]
Stretch:  19%|█▉        | 594/3149 [05:58<04:53,  8.70it/s]
Stretch:  19%|█▉        | 595/3149 [05:58<05:19,  8.00it/s]
Stretch:  19%|█▉        | 596/3149 [05:59<05:44,  7.41it/s]
Stretch:  19%|█▉        | 597/3149 [05:59<05:24,  7.85it/s]
Stretch:  19%|█▉        | 599/3149 [05:59<04:42,  9.01it/s]
Stretch:  19%|█▉        | 600/3149 [05:59<05:09,  8.22it/s]
Stretch:  19%|█▉        | 601/3149 [05:59<05:16,  8.04it/s]
Stretch:  19%|█▉        | 603/3149 [05:59<04:42,  9.03it/s]
Stretch:  19%|█▉        | 605/3149 [06:00<04:26,  9.54it/s]
Stretch:  19%|█▉        | 606/3149 [06:00<04:24,  9.62it/s]
Stretch:  19%|█▉        | 607/3149 [06:00<04:48,  8.81it/s]
Stretch:  19%|█▉        | 608/3149 [06:00<04:45,  8.90it/s]
Stretch:  19%|█▉        | 609/3149 [06:00<09:20,  4.53it/s]
Stretch:  19%|█▉        | 610/3149 [06:01<09:02,  4.68it/s]
Stretch:  19%|█▉        | 611/3149 [06:01<08:11,  5.17it/s]
Stretch:  19%|█▉        | 612/3149 [06:01<07:20,  5.76it/s]
Stretch:  19%|█▉        | 613/3149 [06:01<07:10,  5.89it/s]
Stretch:  19%|█▉        | 614/3149 [06:01<07:09,  5.91it/s]
Stretch:  20%|█▉        | 615/3149 [06:02<11:00,  3.84it/s]
Stretch:  20%|█▉        | 616/3149 [06:02<09:40,  4.37it/s]
Stretch:  20%|█▉        | 618/3149 [06:02<07:09,  5.89it/s]
Stretch:  20%|█▉        | 620/3149 [06:02<05:45,  7.31it/s]
Stretch:  20%|█▉        | 621/3149 [06:02<05:25,  7.77it/s]
Stretch:  20%|█▉        | 622/3149 [06:02<05:36,  7.52it/s]
Stretch:  20%|█▉        | 623/3149 [06:03<05:19,  7.90it/s]
Stretch:  20%|█▉        | 624/3149 [06:03<05:04,  8.30it/s]
Stretch:  20%|█▉        | 626/3149 [06:03<04:34,  9.20it/s]
Stretch:  20%|█▉        | 628/3149 [06:03<04:34,  9.17it/s]
Stretch:  20%|█▉        | 629/3149 [06:03<04:56,  8.51it/s]
Stretch:  20%|██        | 630/3149 [06:03<04:48,  8.73it/s]
Stretch:  20%|██        | 631/3149 [06:03<04:41,  8.94it/s]
Stretch:  20%|██        | 633/3149 [06:04<04:14,  9.90it/s]
Stretch:  20%|██        | 634/3149 [06:04<04:18,  9.71it/s]
Stretch:  20%|██        | 635/3149 [06:04<04:51,  8.63it/s]
Stretch:  20%|██        | 636/3149 [06:04<05:08,  8.16it/s]
Stretch:  20%|██        | 637/3149 [06:04<05:46,  7.24it/s]
Stretch:  20%|██        | 639/3149 [06:04<04:50,  8.65it/s]
Stretch:  20%|██        | 641/3149 [06:05<04:59,  8.37it/s]
Stretch:  20%|██        | 642/3149 [06:05<05:17,  7.89it/s]
Stretch:  20%|██        | 643/3149 [06:05<05:03,  8.26it/s]
Stretch:  20%|██        | 644/3149 [06:05<05:03,  8.24it/s]
Stretch:  21%|██        | 646/3149 [06:05<04:23,  9.50it/s]
Stretch:  21%|██        | 647/3149 [06:05<04:20,  9.60it/s]
Stretch:  21%|██        | 648/3149 [06:05<05:06,  8.16it/s]
Stretch:  21%|██        | 649/3149 [06:06<04:59,  8.34it/s]
Stretch:  21%|██        | 650/3149 [06:06<05:01,  8.29it/s]
Stretch:  21%|██        | 651/3149 [06:06<04:50,  8.61it/s]
Stretch:  21%|██        | 653/3149 [06:06<04:52,  8.54it/s]
Stretch:  21%|██        | 654/3149 [06:06<05:32,  7.49it/s]
Stretch:  21%|██        | 655/3149 [06:06<05:46,  7.20it/s]
Stretch:  21%|██        | 657/3149 [06:07<05:08,  8.07it/s]
Stretch:  21%|██        | 659/3149 [06:07<04:31,  9.18it/s]
Stretch:  21%|██        | 660/3149 [06:07<04:27,  9.29it/s]
Stretch:  21%|██        | 662/3149 [06:07<04:25,  9.38it/s]
Stretch:  21%|██        | 663/3149 [06:07<04:39,  8.90it/s]
Stretch:  21%|██        | 665/3149 [06:07<04:21,  9.51it/s]
Stretch:  21%|██        | 666/3149 [06:08<04:42,  8.78it/s]
Stretch:  21%|██        | 667/3149 [06:08<05:28,  7.55it/s]
Stretch:  21%|██        | 668/3149 [06:08<05:35,  7.40it/s]
Stretch:  21%|██▏       | 670/3149 [06:08<04:47,  8.64it/s]
Stretch:  21%|██▏       | 671/3149 [06:08<04:38,  8.89it/s]
Stretch:  21%|██▏       | 672/3149 [06:08<04:58,  8.31it/s]
Stretch:  21%|██▏       | 673/3149 [06:08<05:16,  7.83it/s]
Stretch:  21%|██▏       | 674/3149 [06:09<05:44,  7.19it/s]
Stretch:  21%|██▏       | 675/3149 [06:09<05:21,  7.70it/s]
Stretch:  21%|██▏       | 676/3149 [06:09<05:14,  7.87it/s]
Stretch:  21%|██▏       | 677/3149 [06:09<05:57,  6.92it/s]
Stretch:  22%|██▏       | 678/3149 [06:09<06:36,  6.23it/s]
Stretch:  22%|██▏       | 680/3149 [06:09<05:19,  7.73it/s]
Stretch:  22%|██▏       | 681/3149 [06:10<05:02,  8.17it/s]
Stretch:  22%|██▏       | 682/3149 [06:10<05:27,  7.52it/s]
Stretch:  22%|██▏       | 683/3149 [06:10<05:27,  7.54it/s]
Stretch:  22%|██▏       | 685/3149 [06:10<04:39,  8.83it/s]
Stretch:  22%|██▏       | 687/3149 [06:10<04:51,  8.43it/s]
Stretch:  22%|██▏       | 688/3149 [06:10<05:30,  7.46it/s]
Stretch:  22%|██▏       | 689/3149 [06:11<05:37,  7.29it/s]
Stretch:  22%|██▏       | 691/3149 [06:11<04:55,  8.32it/s]
Stretch:  22%|██▏       | 693/3149 [06:11<04:44,  8.62it/s]
Stretch:  22%|██▏       | 694/3149 [06:11<04:58,  8.23it/s]
Stretch:  22%|██▏       | 695/3149 [06:11<05:07,  7.97it/s]
Stretch:  22%|██▏       | 696/3149 [06:11<05:11,  7.89it/s]
Stretch:  22%|██▏       | 698/3149 [06:12<04:52,  8.38it/s]
Stretch:  22%|██▏       | 699/3149 [06:12<05:46,  7.07it/s]
Stretch:  22%|██▏       | 700/3149 [06:12<05:46,  7.06it/s]
Stretch:  22%|██▏       | 701/3149 [06:12<05:40,  7.18it/s]
Stretch:  22%|██▏       | 702/3149 [06:12<06:02,  6.75it/s]
Stretch:  22%|██▏       | 703/3149 [06:12<06:53,  5.92it/s]
Stretch:  22%|██▏       | 705/3149 [06:13<05:30,  7.39it/s]
Stretch:  22%|██▏       | 706/3149 [06:13<05:40,  7.17it/s]
Stretch:  22%|██▏       | 707/3149 [06:13<06:18,  6.46it/s]
Stretch:  22%|██▏       | 708/3149 [06:13<06:05,  6.69it/s]
Stretch:  23%|██▎       | 710/3149 [06:13<05:04,  8.01it/s]
Stretch:  23%|██▎       | 711/3149 [06:13<05:06,  7.96it/s]
Stretch:  23%|██▎       | 712/3149 [06:14<05:37,  7.22it/s]
Stretch:  23%|██▎       | 713/3149 [06:14<05:21,  7.58it/s]
Stretch:  23%|██▎       | 715/3149 [06:14<04:57,  8.19it/s]
Stretch:  23%|██▎       | 716/3149 [06:14<07:29,  5.42it/s]
Stretch:  23%|██▎       | 718/3149 [06:15<05:56,  6.82it/s]
Stretch:  23%|██▎       | 720/3149 [06:15<05:17,  7.66it/s]
Stretch:  23%|██▎       | 721/3149 [06:15<05:24,  7.49it/s]
Stretch:  23%|██▎       | 722/3149 [06:15<05:48,  6.96it/s]
Stretch:  23%|██▎       | 723/3149 [06:15<05:42,  7.09it/s]
Stretch:  23%|██▎       | 724/3149 [06:15<05:35,  7.23it/s]
Stretch:  23%|██▎       | 725/3149 [06:15<05:36,  7.21it/s]
Stretch:  23%|██▎       | 726/3149 [06:16<05:12,  7.76it/s]
Stretch:  23%|██▎       | 727/3149 [06:16<05:14,  7.69it/s]
Stretch:  23%|██▎       | 728/3149 [06:16<06:26,  6.26it/s]
Stretch:  23%|██▎       | 729/3149 [06:16<06:42,  6.01it/s]
Stretch:  23%|██▎       | 731/3149 [06:16<05:40,  7.10it/s]
Stretch:  23%|██▎       | 732/3149 [06:17<07:05,  5.68it/s]
Stretch:  23%|██▎       | 734/3149 [06:17<05:40,  7.09it/s]
Stretch:  23%|██▎       | 735/3149 [06:17<05:32,  7.27it/s]
Stretch:  23%|██▎       | 737/3149 [06:17<04:59,  8.05it/s]
Stretch:  23%|██▎       | 738/3149 [06:17<05:53,  6.81it/s]
Stretch:  23%|██▎       | 739/3149 [06:18<07:02,  5.71it/s]
Stretch:  23%|██▎       | 740/3149 [06:18<09:03,  4.43it/s]
Stretch:  24%|██▎       | 741/3149 [06:18<07:43,  5.20it/s]
Stretch:  24%|██▎       | 743/3149 [06:18<06:12,  6.45it/s]
Stretch:  24%|██▎       | 744/3149 [06:19<06:20,  6.33it/s]
Stretch:  24%|██▎       | 745/3149 [06:19<07:29,  5.35it/s]
Stretch:  24%|██▎       | 746/3149 [06:19<06:58,  5.75it/s]
Stretch:  24%|██▎       | 747/3149 [06:19<07:49,  5.12it/s]
Stretch:  24%|██▍       | 748/3149 [06:19<08:42,  4.60it/s]
Stretch:  24%|██▍       | 749/3149 [06:20<09:08,  4.38it/s]
Stretch:  24%|██▍       | 750/3149 [06:20<09:43,  4.11it/s]
Stretch:  24%|██▍       | 751/3149 [06:20<10:37,  3.76it/s]
Stretch:  24%|██▍       | 752/3149 [06:21<13:34,  2.94it/s]
Stretch:  24%|██▍       | 753/3149 [06:21<11:04,  3.60it/s]
Stretch:  24%|██▍       | 754/3149 [06:21<09:08,  4.36it/s]
Stretch:  24%|██▍       | 755/3149 [06:21<07:52,  5.07it/s]
Stretch:  24%|██▍       | 756/3149 [06:21<07:02,  5.66it/s]
Stretch:  24%|██▍       | 757/3149 [06:21<06:46,  5.88it/s]
Stretch:  24%|██▍       | 758/3149 [06:22<06:00,  6.63it/s]
Stretch:  24%|██▍       | 759/3149 [06:22<05:28,  7.28it/s]
Stretch:  24%|██▍       | 760/3149 [06:22<05:20,  7.45it/s]
Stretch:  24%|██▍       | 761/3149 [06:22<06:34,  6.05it/s]
Stretch:  24%|██▍       | 762/3149 [06:22<09:10,  4.34it/s]
Stretch:  24%|██▍       | 763/3149 [06:23<07:58,  4.99it/s]
Stretch:  24%|██▍       | 764/3149 [06:23<07:06,  5.59it/s]
Stretch:  24%|██▍       | 765/3149 [06:23<06:47,  5.86it/s]
Stretch:  24%|██▍       | 766/3149 [06:23<06:10,  6.42it/s]
Stretch:  24%|██▍       | 768/3149 [06:23<04:56,  8.04it/s]
Stretch:  24%|██▍       | 770/3149 [06:23<04:22,  9.05it/s]
Stretch:  24%|██▍       | 771/3149 [06:23<04:55,  8.06it/s]
Stretch:  25%|██▍       | 772/3149 [06:24<05:37,  7.04it/s]
Stretch:  25%|██▍       | 773/3149 [06:24<05:27,  7.25it/s]
Stretch:  25%|██▍       | 775/3149 [06:24<07:12,  5.49it/s]
Stretch:  25%|██▍       | 776/3149 [06:24<07:00,  5.64it/s]
Stretch:  25%|██▍       | 777/3149 [06:25<06:18,  6.27it/s]
Stretch:  25%|██▍       | 778/3149 [06:25<05:41,  6.94it/s]
Stretch:  25%|██▍       | 780/3149 [06:25<04:55,  8.02it/s]
Stretch:  25%|██▍       | 781/3149 [06:25<04:50,  8.14it/s]
Stretch:  25%|██▍       | 782/3149 [06:25<04:51,  8.12it/s]
Stretch:  25%|██▍       | 783/3149 [06:25<04:40,  8.44it/s]
Stretch:  25%|██▍       | 784/3149 [06:25<04:31,  8.72it/s]
Stretch:  25%|██▍       | 786/3149 [06:25<03:58,  9.90it/s]
Stretch:  25%|██▍       | 787/3149 [06:26<06:35,  5.98it/s]
Stretch:  25%|██▌       | 788/3149 [06:26<06:12,  6.33it/s]
Stretch:  25%|██▌       | 789/3149 [06:26<05:44,  6.85it/s]
Stretch:  25%|██▌       | 790/3149 [06:26<05:35,  7.03it/s]
Stretch:  25%|██▌       | 791/3149 [06:26<05:56,  6.61it/s]
Stretch:  25%|██▌       | 792/3149 [06:27<05:44,  6.84it/s]
Stretch:  25%|██▌       | 794/3149 [06:27<04:45,  8.26it/s]
Stretch:  25%|██▌       | 796/3149 [06:27<04:15,  9.20it/s]
Stretch:  25%|██▌       | 797/3149 [06:27<04:47,  8.19it/s]
Stretch:  25%|██▌       | 798/3149 [06:28<07:49,  5.00it/s]
Stretch:  25%|██▌       | 800/3149 [06:28<06:22,  6.13it/s]
Stretch:  25%|██▌       | 801/3149 [06:28<06:16,  6.24it/s]
Stretch:  25%|██▌       | 802/3149 [06:28<05:47,  6.76it/s]
Stretch:  26%|██▌       | 804/3149 [06:28<04:46,  8.18it/s]
Stretch:  26%|██▌       | 806/3149 [06:28<04:14,  9.19it/s]
Stretch:  26%|██▌       | 807/3149 [06:28<04:29,  8.68it/s]
Stretch:  26%|██▌       | 808/3149 [06:29<05:11,  7.51it/s]
Stretch:  26%|██▌       | 809/3149 [06:29<05:30,  7.09it/s]
Stretch:  26%|██▌       | 811/3149 [06:29<04:39,  8.38it/s]
Stretch:  26%|██▌       | 813/3149 [06:29<05:57,  6.54it/s]
Stretch:  26%|██▌       | 814/3149 [06:30<05:33,  6.99it/s]
Stretch:  26%|██▌       | 815/3149 [06:30<05:27,  7.13it/s]
Stretch:  26%|██▌       | 816/3149 [06:30<05:23,  7.22it/s]
Stretch:  26%|██▌       | 817/3149 [06:30<05:16,  7.36it/s]
Stretch:  26%|██▌       | 818/3149 [06:30<04:57,  7.83it/s]
Stretch:  26%|██▌       | 819/3149 [06:30<04:41,  8.28it/s]
Stretch:  26%|██▌       | 820/3149 [06:30<05:06,  7.61it/s]
Stretch:  26%|██▌       | 822/3149 [06:30<04:22,  8.86it/s]
Stretch:  26%|██▌       | 824/3149 [06:31<04:00,  9.66it/s]
Stretch:  26%|██▌       | 825/3149 [06:31<04:40,  8.29it/s]
Stretch:  26%|██▌       | 826/3149 [06:31<05:22,  7.21it/s]
Stretch:  26%|██▋       | 828/3149 [06:31<06:18,  6.13it/s]
Stretch:  26%|██▋       | 829/3149 [06:32<05:46,  6.69it/s]
Stretch:  26%|██▋       | 830/3149 [06:32<05:55,  6.53it/s]
Stretch:  26%|██▋       | 831/3149 [06:32<05:39,  6.84it/s]
Stretch:  26%|██▋       | 833/3149 [06:32<04:34,  8.43it/s]
Stretch:  27%|██▋       | 835/3149 [06:32<04:04,  9.45it/s]
Stretch:  27%|██▋       | 836/3149 [06:32<04:26,  8.68it/s]
Stretch:  27%|██▋       | 837/3149 [06:32<04:50,  7.96it/s]
Stretch:  27%|██▋       | 838/3149 [06:33<04:46,  8.05it/s]
Stretch:  27%|██▋       | 840/3149 [06:33<04:09,  9.27it/s]
Stretch:  27%|██▋       | 842/3149 [06:33<03:41, 10.40it/s]
Stretch:  27%|██▋       | 844/3149 [06:33<03:33, 10.80it/s]
Stretch:  27%|██▋       | 846/3149 [06:33<04:58,  7.71it/s]
Stretch:  27%|██▋       | 847/3149 [06:34<04:47,  8.01it/s]
Stretch:  27%|██▋       | 849/3149 [06:34<06:11,  6.19it/s]
Stretch:  27%|██▋       | 850/3149 [06:34<05:54,  6.48it/s]
Stretch:  27%|██▋       | 852/3149 [06:34<05:19,  7.18it/s]
Stretch:  27%|██▋       | 853/3149 [06:35<05:54,  6.47it/s]
Stretch:  27%|██▋       | 854/3149 [06:35<06:19,  6.05it/s]
Stretch:  27%|██▋       | 855/3149 [06:35<08:47,  4.35it/s]
Stretch:  27%|██▋       | 856/3149 [06:35<07:30,  5.09it/s]
Stretch:  27%|██▋       | 857/3149 [06:36<09:48,  3.90it/s]
Stretch:  27%|██▋       | 858/3149 [06:36<08:26,  4.53it/s]
Stretch:  27%|██▋       | 860/3149 [06:36<06:18,  6.04it/s]
Stretch:  27%|██▋       | 861/3149 [06:36<06:27,  5.90it/s]
Stretch:  27%|██▋       | 862/3149 [06:37<07:16,  5.24it/s]
Stretch:  27%|██▋       | 864/3149 [06:37<05:26,  7.01it/s]
Stretch:  27%|██▋       | 865/3149 [06:37<05:07,  7.43it/s]
Stretch:  28%|██▊       | 866/3149 [06:37<05:33,  6.84it/s]
Stretch:  28%|██▊       | 867/3149 [06:37<05:59,  6.34it/s]
Stretch:  28%|██▊       | 868/3149 [06:37<05:28,  6.95it/s]
Stretch:  28%|██▊       | 869/3149 [06:38<08:01,  4.74it/s]
Stretch:  28%|██▊       | 870/3149 [06:38<07:13,  5.26it/s]
Stretch:  28%|██▊       | 872/3149 [06:38<05:32,  6.85it/s]
Stretch:  28%|██▊       | 874/3149 [06:38<04:47,  7.90it/s]
Stretch:  28%|██▊       | 876/3149 [06:38<04:18,  8.80it/s]
Stretch:  28%|██▊       | 877/3149 [06:39<05:09,  7.34it/s]
Stretch:  28%|██▊       | 878/3149 [06:39<05:56,  6.37it/s]
Stretch:  28%|██▊       | 879/3149 [06:39<05:27,  6.93it/s]
Stretch:  28%|██▊       | 881/3149 [06:39<07:32,  5.02it/s]
Stretch:  28%|██▊       | 882/3149 [06:40<07:24,  5.10it/s]
Stretch:  28%|██▊       | 884/3149 [06:40<06:02,  6.26it/s]
Stretch:  28%|██▊       | 886/3149 [06:40<05:34,  6.77it/s]
Stretch:  28%|██▊       | 887/3149 [06:40<05:37,  6.69it/s]
Stretch:  28%|██▊       | 888/3149 [06:40<05:17,  7.13it/s]
Stretch:  28%|██▊       | 889/3149 [06:40<05:03,  7.45it/s]
Stretch:  28%|██▊       | 890/3149 [06:41<04:51,  7.76it/s]
Stretch:  28%|██▊       | 891/3149 [06:41<04:49,  7.80it/s]
Stretch:  28%|██▊       | 892/3149 [06:41<04:53,  7.69it/s]
Stretch:  28%|██▊       | 893/3149 [06:41<07:23,  5.09it/s]
Stretch:  28%|██▊       | 894/3149 [06:41<06:30,  5.78it/s]
Stretch:  28%|██▊       | 896/3149 [06:42<05:12,  7.22it/s]
Stretch:  28%|██▊       | 897/3149 [06:42<05:20,  7.03it/s]
Stretch:  29%|██▊       | 898/3149 [06:42<06:19,  5.92it/s]
Stretch:  29%|██▊       | 900/3149 [06:42<04:50,  7.74it/s]
Stretch:  29%|██▊       | 902/3149 [06:42<04:03,  9.24it/s]
Stretch:  29%|██▊       | 904/3149 [06:43<04:31,  8.27it/s]
Stretch:  29%|██▊       | 905/3149 [06:43<04:55,  7.59it/s]
Stretch:  29%|██▉       | 906/3149 [06:43<05:55,  6.31it/s]
Stretch:  29%|██▉       | 908/3149 [06:43<05:03,  7.38it/s]
Stretch:  29%|██▉       | 910/3149 [06:43<04:39,  8.02it/s]
Stretch:  29%|██▉       | 912/3149 [06:44<04:16,  8.73it/s]
Stretch:  29%|██▉       | 914/3149 [06:44<03:55,  9.49it/s]
Stretch:  29%|██▉       | 916/3149 [06:44<04:04,  9.12it/s]
Stretch:  29%|██▉       | 917/3149 [06:44<04:27,  8.35it/s]
Stretch:  29%|██▉       | 918/3149 [06:44<04:26,  8.37it/s]
Stretch:  29%|██▉       | 919/3149 [06:44<04:19,  8.59it/s]
Stretch:  29%|██▉       | 920/3149 [06:45<06:03,  6.13it/s]
Stretch:  29%|██▉       | 921/3149 [06:45<05:40,  6.55it/s]
Stretch:  29%|██▉       | 923/3149 [06:45<04:39,  7.96it/s]
Stretch:  29%|██▉       | 925/3149 [06:45<04:26,  8.34it/s]
Stretch:  29%|██▉       | 926/3149 [06:45<04:48,  7.71it/s]
Stretch:  29%|██▉       | 928/3149 [06:46<04:19,  8.57it/s]
Stretch:  30%|██▉       | 930/3149 [06:46<03:50,  9.63it/s]
Stretch:  30%|██▉       | 931/3149 [06:46<03:54,  9.45it/s]
Stretch:  30%|██▉       | 932/3149 [06:46<04:09,  8.88it/s]
Stretch:  30%|██▉       | 933/3149 [06:46<04:32,  8.13it/s]
Stretch:  30%|██▉       | 934/3149 [06:46<04:33,  8.10it/s]
Stretch:  30%|██▉       | 935/3149 [06:46<04:19,  8.52it/s]
Stretch:  30%|██▉       | 936/3149 [06:47<07:03,  5.23it/s]
Stretch:  30%|██▉       | 938/3149 [06:47<05:10,  7.12it/s]
Stretch:  30%|██▉       | 940/3149 [06:47<04:19,  8.52it/s]
Stretch:  30%|██▉       | 941/3149 [06:47<04:25,  8.32it/s]
Stretch:  30%|██▉       | 942/3149 [06:47<04:43,  7.78it/s]
Stretch:  30%|██▉       | 943/3149 [06:47<04:29,  8.18it/s]
Stretch:  30%|███       | 945/3149 [06:48<04:08,  8.87it/s]
Stretch:  30%|███       | 946/3149 [06:48<04:16,  8.60it/s]
Stretch:  30%|███       | 947/3149 [06:48<04:42,  7.79it/s]
Stretch:  30%|███       | 948/3149 [06:48<07:08,  5.14it/s]
Stretch:  30%|███       | 949/3149 [06:48<06:23,  5.74it/s]
Stretch:  30%|███       | 950/3149 [06:49<06:07,  5.98it/s]
Stretch:  30%|███       | 951/3149 [06:49<05:51,  6.25it/s]
Stretch:  30%|███       | 952/3149 [06:49<05:14,  6.99it/s]
Stretch:  30%|███       | 954/3149 [06:49<04:18,  8.49it/s]
Stretch:  30%|███       | 955/3149 [06:49<04:11,  8.71it/s]
Stretch:  30%|███       | 956/3149 [06:49<04:16,  8.54it/s]
Stretch:  30%|███       | 957/3149 [06:49<04:24,  8.29it/s]
Stretch:  30%|███       | 959/3149 [06:49<03:49,  9.54it/s]
Stretch:  31%|███       | 961/3149 [06:50<03:34, 10.20it/s]
Stretch:  31%|███       | 963/3149 [06:50<04:55,  7.39it/s]
Stretch:  31%|███       | 964/3149 [06:50<05:07,  7.12it/s]
Stretch:  31%|███       | 966/3149 [06:51<05:40,  6.41it/s]
Stretch:  31%|███       | 967/3149 [06:51<07:27,  4.87it/s]
Stretch:  31%|███       | 968/3149 [06:51<07:17,  4.98it/s]
Stretch:  31%|███       | 969/3149 [06:51<06:34,  5.52it/s]
Stretch:  31%|███       | 970/3149 [06:51<05:56,  6.10it/s]
Stretch:  31%|███       | 971/3149 [06:52<05:20,  6.79it/s]
Stretch:  31%|███       | 972/3149 [06:52<05:37,  6.46it/s]
Stretch:  31%|███       | 973/3149 [06:52<05:47,  6.26it/s]
Stretch:  31%|███       | 974/3149 [06:52<05:29,  6.60it/s]
Stretch:  31%|███       | 975/3149 [06:52<05:00,  7.24it/s]
Stretch:  31%|███       | 976/3149 [06:52<04:42,  7.70it/s]
Stretch:  31%|███       | 977/3149 [06:52<04:34,  7.92it/s]
Stretch:  31%|███       | 978/3149 [06:53<05:07,  7.07it/s]
Stretch:  31%|███       | 979/3149 [06:53<04:56,  7.33it/s]
Stretch:  31%|███       | 981/3149 [06:53<04:06,  8.81it/s]
Stretch:  31%|███       | 982/3149 [06:53<08:17,  4.36it/s]
Stretch:  31%|███       | 983/3149 [06:54<07:11,  5.02it/s]
Stretch:  31%|███       | 984/3149 [06:54<06:20,  5.69it/s]
Stretch:  31%|███▏      | 986/3149 [06:54<05:03,  7.12it/s]
Stretch:  31%|███▏      | 987/3149 [06:54<05:01,  7.18it/s]
Stretch:  31%|███▏      | 988/3149 [06:54<05:00,  7.20it/s]
Stretch:  31%|███▏      | 989/3149 [06:54<04:45,  7.57it/s]
Stretch:  31%|███▏      | 991/3149 [06:54<04:04,  8.82it/s]
Stretch:  32%|███▏      | 993/3149 [06:55<03:45,  9.57it/s]
Stretch:  32%|███▏      | 995/3149 [06:55<03:53,  9.23it/s]
Stretch:  32%|███▏      | 996/3149 [06:55<04:19,  8.31it/s]
Stretch:  32%|███▏      | 997/3149 [06:55<04:50,  7.40it/s]
Stretch:  32%|███▏      | 998/3149 [06:55<04:42,  7.63it/s]
Stretch:  32%|███▏      | 1000/3149 [06:55<04:05,  8.76it/s]
Stretch:  32%|███▏      | 1001/3149 [06:56<03:59,  8.97it/s]
Stretch:  32%|███▏      | 1002/3149 [06:56<04:00,  8.93it/s]
Stretch:  32%|███▏      | 1003/3149 [06:56<04:50,  7.40it/s]
Stretch:  32%|███▏      | 1004/3149 [06:56<04:41,  7.61it/s]
Stretch:  32%|███▏      | 1005/3149 [06:56<04:25,  8.07it/s]
Stretch:  32%|███▏      | 1007/3149 [06:56<04:26,  8.04it/s]
Stretch:  32%|███▏      | 1008/3149 [06:56<04:45,  7.51it/s]
Stretch:  32%|███▏      | 1009/3149 [06:57<04:43,  7.54it/s]
Stretch:  32%|███▏      | 1011/3149 [06:57<04:04,  8.75it/s]
Stretch:  32%|███▏      | 1013/3149 [06:57<03:35,  9.92it/s]
Stretch:  32%|███▏      | 1015/3149 [06:57<03:29, 10.18it/s]
Stretch:  32%|███▏      | 1017/3149 [06:57<03:41,  9.61it/s]
Stretch:  32%|███▏      | 1018/3149 [06:57<03:49,  9.29it/s]
Stretch:  32%|███▏      | 1020/3149 [06:58<03:31, 10.08it/s]
Stretch:  32%|███▏      | 1022/3149 [06:58<04:04,  8.69it/s]
Stretch:  32%|███▏      | 1023/3149 [06:58<04:17,  8.26it/s]
Stretch:  33%|███▎      | 1025/3149 [06:58<03:53,  9.08it/s]
Stretch:  33%|███▎      | 1026/3149 [06:58<03:52,  9.13it/s]
Stretch:  33%|███▎      | 1027/3149 [06:58<03:50,  9.20it/s]
Stretch:  33%|███▎      | 1028/3149 [06:59<03:58,  8.90it/s]
Stretch:  33%|███▎      | 1029/3149 [06:59<04:16,  8.25it/s]
Stretch:  33%|███▎      | 1030/3149 [06:59<04:13,  8.37it/s]
Stretch:  33%|███▎      | 1032/3149 [06:59<03:46,  9.35it/s]
Stretch:  33%|███▎      | 1034/3149 [06:59<03:59,  8.84it/s]
Stretch:  33%|███▎      | 1035/3149 [06:59<04:35,  7.68it/s]
Stretch:  33%|███▎      | 1036/3149 [07:00<04:46,  7.38it/s]
Stretch:  33%|███▎      | 1038/3149 [07:00<04:02,  8.71it/s]
Stretch:  33%|███▎      | 1039/3149 [07:00<03:59,  8.82it/s]
Stretch:  33%|███▎      | 1040/3149 [07:00<04:05,  8.60it/s]
Stretch:  33%|███▎      | 1041/3149 [07:00<04:07,  8.50it/s]
Stretch:  33%|███▎      | 1043/3149 [07:00<03:41,  9.50it/s]
Stretch:  33%|███▎      | 1045/3149 [07:01<03:59,  8.79it/s]
Stretch:  33%|███▎      | 1046/3149 [07:01<04:08,  8.46it/s]
Stretch:  33%|███▎      | 1047/3149 [07:01<04:13,  8.28it/s]
Stretch:  33%|███▎      | 1048/3149 [07:01<05:50,  5.99it/s]
Stretch:  33%|███▎      | 1050/3149 [07:01<04:45,  7.35it/s]
Stretch:  33%|███▎      | 1052/3149 [07:02<04:01,  8.70it/s]
Stretch:  33%|███▎      | 1053/3149 [07:02<04:12,  8.31it/s]
Stretch:  33%|███▎      | 1054/3149 [07:02<04:40,  7.47it/s]
Stretch:  34%|███▎      | 1055/3149 [07:02<04:44,  7.36it/s]
Stretch:  34%|███▎      | 1056/3149 [07:02<04:34,  7.61it/s]
Stretch:  34%|███▎      | 1057/3149 [07:02<04:21,  7.99it/s]
Stretch:  34%|███▎      | 1058/3149 [07:03<06:43,  5.18it/s]
Stretch:  34%|███▎      | 1060/3149 [07:03<05:21,  6.51it/s]
Stretch:  34%|███▎      | 1062/3149 [07:03<04:26,  7.82it/s]
Stretch:  34%|███▍      | 1064/3149 [07:03<03:51,  9.00it/s]
Stretch:  34%|███▍      | 1065/3149 [07:03<03:52,  8.97it/s]
Stretch:  34%|███▍      | 1066/3149 [07:03<04:10,  8.31it/s]
Stretch:  34%|███▍      | 1067/3149 [07:04<04:22,  7.94it/s]
Stretch:  34%|███▍      | 1069/3149 [07:04<03:40,  9.45it/s]
Stretch:  34%|███▍      | 1070/3149 [07:04<05:27,  6.35it/s]
Stretch:  34%|███▍      | 1071/3149 [07:04<05:13,  6.64it/s]
Stretch:  34%|███▍      | 1073/3149 [07:04<04:23,  7.88it/s]
Stretch:  34%|███▍      | 1075/3149 [07:05<03:59,  8.66it/s]
Stretch:  34%|███▍      | 1077/3149 [07:05<03:53,  8.89it/s]
Stretch:  34%|███▍      | 1079/3149 [07:05<03:36,  9.55it/s]
Stretch:  34%|███▍      | 1081/3149 [07:05<03:23, 10.16it/s]
Stretch:  34%|███▍      | 1083/3149 [07:06<04:46,  7.22it/s]
Stretch:  34%|███▍      | 1084/3149 [07:06<04:33,  7.55it/s]
Stretch:  34%|███▍      | 1085/3149 [07:06<04:42,  7.30it/s]
Stretch:  34%|███▍      | 1086/3149 [07:06<05:00,  6.87it/s]
Stretch:  35%|███▍      | 1088/3149 [07:06<04:07,  8.34it/s]
Stretch:  35%|███▍      | 1090/3149 [07:06<03:42,  9.25it/s]
Stretch:  35%|███▍      | 1092/3149 [07:07<03:40,  9.34it/s]
Stretch:  35%|███▍      | 1093/3149 [07:07<05:03,  6.78it/s]
Stretch:  35%|███▍      | 1094/3149 [07:07<04:48,  7.12it/s]
Stretch:  35%|███▍      | 1096/3149 [07:07<04:00,  8.54it/s]
Stretch:  35%|███▍      | 1098/3149 [07:07<03:49,  8.95it/s]
Stretch:  35%|███▍      | 1099/3149 [07:07<04:04,  8.37it/s]
Stretch:  35%|███▍      | 1100/3149 [07:08<04:34,  7.47it/s]
Stretch:  35%|███▍      | 1102/3149 [07:08<04:07,  8.29it/s]
Stretch:  35%|███▌      | 1103/3149 [07:08<03:59,  8.56it/s]
Stretch:  35%|███▌      | 1104/3149 [07:08<05:45,  5.92it/s]
Stretch:  35%|███▌      | 1105/3149 [07:09<06:28,  5.26it/s]
Stretch:  35%|███▌      | 1106/3149 [07:09<08:08,  4.18it/s]
Stretch:  35%|███▌      | 1107/3149 [07:09<07:16,  4.68it/s]
Stretch:  35%|███▌      | 1108/3149 [07:09<07:06,  4.78it/s]
Stretch:  35%|███▌      | 1109/3149 [07:09<06:17,  5.41it/s]
Stretch:  35%|███▌      | 1110/3149 [07:10<09:04,  3.74it/s]
Stretch:  35%|███▌      | 1111/3149 [07:10<07:25,  4.57it/s]
Stretch:  35%|███▌      | 1112/3149 [07:10<06:18,  5.39it/s]
Stretch:  35%|███▌      | 1113/3149 [07:10<05:54,  5.75it/s]
Stretch:  35%|███▌      | 1114/3149 [07:10<05:57,  5.69it/s]
Stretch:  35%|███▌      | 1115/3149 [07:11<05:51,  5.79it/s]
Stretch:  35%|███▌      | 1116/3149 [07:11<05:16,  6.43it/s]
Stretch:  35%|███▌      | 1117/3149 [07:11<05:10,  6.54it/s]
Stretch:  36%|███▌      | 1118/3149 [07:11<07:38,  4.43it/s]
Stretch:  36%|███▌      | 1120/3149 [07:12<06:49,  4.96it/s]
Stretch:  36%|███▌      | 1121/3149 [07:12<06:42,  5.03it/s]
Stretch:  36%|███▌      | 1122/3149 [07:12<06:31,  5.18it/s]
Stretch:  36%|███▌      | 1124/3149 [07:12<07:38,  4.42it/s]
Stretch:  36%|███▌      | 1125/3149 [07:13<07:25,  4.54it/s]
Stretch:  36%|███▌      | 1126/3149 [07:13<06:32,  5.15it/s]
Stretch:  36%|███▌      | 1127/3149 [07:13<06:40,  5.05it/s]
Stretch:  36%|███▌      | 1128/3149 [07:13<06:52,  4.90it/s]
Stretch:  36%|███▌      | 1129/3149 [07:14<07:52,  4.28it/s]
Stretch:  36%|███▌      | 1130/3149 [07:14<08:47,  3.83it/s]
Stretch:  36%|███▌      | 1131/3149 [07:14<09:20,  3.60it/s]
Stretch:  36%|███▌      | 1132/3149 [07:14<09:06,  3.69it/s]
Stretch:  36%|███▌      | 1134/3149 [07:15<06:37,  5.07it/s]
Stretch:  36%|███▌      | 1135/3149 [07:15<06:25,  5.22it/s]
Stretch:  36%|███▌      | 1136/3149 [07:15<07:19,  4.58it/s]
Stretch:  36%|███▌      | 1137/3149 [07:15<06:33,  5.11it/s]
Stretch:  36%|███▌      | 1139/3149 [07:15<05:10,  6.48it/s]
Stretch:  36%|███▌      | 1140/3149 [07:16<05:04,  6.60it/s]
Stretch:  36%|███▌      | 1141/3149 [07:16<06:56,  4.83it/s]
Stretch:  36%|███▋      | 1142/3149 [07:16<06:21,  5.26it/s]
Stretch:  36%|███▋      | 1144/3149 [07:16<05:08,  6.50it/s]
Stretch:  36%|███▋      | 1145/3149 [07:17<07:04,  4.72it/s]
Stretch:  36%|███▋      | 1146/3149 [07:17<08:38,  3.86it/s]
Stretch:  36%|███▋      | 1148/3149 [07:17<06:23,  5.22it/s]
Stretch:  37%|███▋      | 1150/3149 [07:18<05:49,  5.72it/s]
Stretch:  37%|███▋      | 1151/3149 [07:18<06:05,  5.47it/s]
Stretch:  37%|███▋      | 1152/3149 [07:18<06:10,  5.39it/s]
Stretch:  37%|███▋      | 1153/3149 [07:18<06:35,  5.05it/s]
Stretch:  37%|███▋      | 1154/3149 [07:19<09:26,  3.52it/s]
Stretch:  37%|███▋      | 1155/3149 [07:19<11:35,  2.87it/s]
Stretch:  37%|███▋      | 1156/3149 [07:20<11:33,  2.87it/s]
Stretch:  37%|███▋      | 1157/3149 [07:20<14:12,  2.34it/s]
Stretch:  37%|███▋      | 1158/3149 [07:21<13:19,  2.49it/s]
Stretch:  37%|███▋      | 1159/3149 [07:21<11:36,  2.86it/s]
Stretch:  37%|███▋      | 1160/3149 [07:21<09:37,  3.44it/s]
Stretch:  37%|███▋      | 1161/3149 [07:22<12:08,  2.73it/s]
Stretch:  37%|███▋      | 1162/3149 [07:22<13:42,  2.42it/s]
Stretch:  37%|███▋      | 1163/3149 [07:22<13:22,  2.48it/s]
Stretch:  37%|███▋      | 1164/3149 [07:23<15:15,  2.17it/s]
Stretch:  37%|███▋      | 1165/3149 [07:23<14:14,  2.32it/s]
Stretch:  37%|███▋      | 1166/3149 [07:24<13:03,  2.53it/s]
Stretch:  37%|███▋      | 1167/3149 [07:24<14:50,  2.23it/s]
Stretch:  37%|███▋      | 1168/3149 [07:25<13:27,  2.45it/s]
Stretch:  37%|███▋      | 1169/3149 [07:25<15:39,  2.11it/s]
Stretch:  37%|███▋      | 1170/3149 [07:26<14:39,  2.25it/s]
Stretch:  37%|███▋      | 1171/3149 [07:26<13:08,  2.51it/s]
Stretch:  37%|███▋      | 1172/3149 [07:26<11:12,  2.94it/s]
Stretch:  37%|███▋      | 1173/3149 [07:26<11:10,  2.95it/s]
Stretch:  37%|███▋      | 1174/3149 [07:27<09:44,  3.38it/s]
Stretch:  37%|███▋      | 1175/3149 [07:27<08:17,  3.97it/s]
Stretch:  37%|███▋      | 1176/3149 [07:27<06:50,  4.81it/s]
Stretch:  37%|███▋      | 1177/3149 [07:27<06:20,  5.18it/s]
Stretch:  37%|███▋      | 1178/3149 [07:27<06:26,  5.10it/s]
Stretch:  37%|███▋      | 1179/3149 [07:27<05:58,  5.49it/s]
Stretch:  37%|███▋      | 1180/3149 [07:28<05:34,  5.89it/s]
Stretch:  38%|███▊      | 1181/3149 [07:28<05:34,  5.89it/s]
Stretch:  38%|███▊      | 1182/3149 [07:28<05:48,  5.64it/s]
Stretch:  38%|███▊      | 1183/3149 [07:28<08:12,  3.99it/s]
Stretch:  38%|███▊      | 1184/3149 [07:28<07:25,  4.41it/s]
Stretch:  38%|███▊      | 1185/3149 [07:29<06:16,  5.21it/s]
Stretch:  38%|███▊      | 1186/3149 [07:29<05:31,  5.92it/s]
Stretch:  38%|███▊      | 1188/3149 [07:29<04:17,  7.63it/s]
Stretch:  38%|███▊      | 1189/3149 [07:29<04:08,  7.90it/s]
Stretch:  38%|███▊      | 1190/3149 [07:29<04:20,  7.53it/s]
Stretch:  38%|███▊      | 1191/3149 [07:30<06:44,  4.84it/s]
Stretch:  38%|███▊      | 1192/3149 [07:30<06:46,  4.81it/s]
Stretch:  38%|███▊      | 1193/3149 [07:30<08:56,  3.64it/s]
Stretch:  38%|███▊      | 1194/3149 [07:30<07:21,  4.42it/s]
Stretch:  38%|███▊      | 1195/3149 [07:30<06:19,  5.15it/s]
Stretch:  38%|███▊      | 1196/3149 [07:31<05:26,  5.97it/s]
Stretch:  38%|███▊      | 1197/3149 [07:31<08:17,  3.92it/s]
Stretch:  38%|███▊      | 1198/3149 [07:31<07:16,  4.47it/s]
Stretch:  38%|███▊      | 1199/3149 [07:31<06:13,  5.23it/s]
Stretch:  38%|███▊      | 1201/3149 [07:31<04:44,  6.84it/s]
Stretch:  38%|███▊      | 1202/3149 [07:32<04:24,  7.36it/s]
Stretch:  38%|███▊      | 1203/3149 [07:32<04:12,  7.72it/s]
Stretch:  38%|███▊      | 1204/3149 [07:32<04:11,  7.74it/s]
Stretch:  38%|███▊      | 1205/3149 [07:32<06:17,  5.15it/s]
Stretch:  38%|███▊      | 1206/3149 [07:32<05:36,  5.78it/s]
Stretch:  38%|███▊      | 1208/3149 [07:32<04:24,  7.33it/s]
Stretch:  38%|███▊      | 1210/3149 [07:33<03:56,  8.21it/s]
Stretch:  38%|███▊      | 1212/3149 [07:33<03:36,  8.95it/s]
Stretch:  39%|███▊      | 1214/3149 [07:33<03:16,  9.83it/s]
Stretch:  39%|███▊      | 1216/3149 [07:33<04:49,  6.68it/s]
Stretch:  39%|███▊      | 1218/3149 [07:34<04:15,  7.56it/s]
Stretch:  39%|███▊      | 1220/3149 [07:34<03:49,  8.41it/s]
Stretch:  39%|███▉      | 1222/3149 [07:34<03:32,  9.06it/s]
Stretch:  39%|███▉      | 1224/3149 [07:34<03:35,  8.95it/s]
Stretch:  39%|███▉      | 1225/3149 [07:35<05:06,  6.28it/s]
Stretch:  39%|███▉      | 1226/3149 [07:35<05:09,  6.21it/s]
Stretch:  39%|███▉      | 1227/3149 [07:35<05:01,  6.37it/s]
Stretch:  39%|███▉      | 1228/3149 [07:35<05:09,  6.21it/s]
Stretch:  39%|███▉      | 1230/3149 [07:35<04:11,  7.65it/s]
Stretch:  39%|███▉      | 1231/3149 [07:35<04:11,  7.62it/s]
Stretch:  39%|███▉      | 1232/3149 [07:36<04:18,  7.41it/s]
Stretch:  39%|███▉      | 1233/3149 [07:36<06:09,  5.19it/s]
Stretch:  39%|███▉      | 1234/3149 [07:36<05:35,  5.71it/s]
Stretch:  39%|███▉      | 1236/3149 [07:36<04:42,  6.76it/s]
Stretch:  39%|███▉      | 1237/3149 [07:36<04:36,  6.92it/s]
Stretch:  39%|███▉      | 1238/3149 [07:37<04:20,  7.34it/s]
Stretch:  39%|███▉      | 1240/3149 [07:37<03:43,  8.52it/s]
Stretch:  39%|███▉      | 1241/3149 [07:37<03:46,  8.41it/s]
Stretch:  39%|███▉      | 1242/3149 [07:37<04:08,  7.68it/s]
Stretch:  39%|███▉      | 1243/3149 [07:37<05:54,  5.38it/s]
Stretch:  40%|███▉      | 1245/3149 [07:38<04:34,  6.95it/s]
Stretch:  40%|███▉      | 1246/3149 [07:38<04:24,  7.19it/s]
Stretch:  40%|███▉      | 1247/3149 [07:38<04:28,  7.07it/s]
Stretch:  40%|███▉      | 1248/3149 [07:38<04:28,  7.09it/s]
Stretch:  40%|███▉      | 1249/3149 [07:38<04:15,  7.43it/s]
Stretch:  40%|███▉      | 1250/3149 [07:38<04:19,  7.31it/s]
Stretch:  40%|███▉      | 1251/3149 [07:39<06:15,  5.06it/s]
Stretch:  40%|███▉      | 1252/3149 [07:39<06:01,  5.25it/s]
Stretch:  40%|███▉      | 1253/3149 [07:39<05:15,  6.02it/s]
Stretch:  40%|███▉      | 1254/3149 [07:39<05:09,  6.12it/s]
Stretch:  40%|███▉      | 1255/3149 [07:39<04:52,  6.47it/s]
Stretch:  40%|███▉      | 1256/3149 [07:39<04:25,  7.13it/s]
Stretch:  40%|███▉      | 1258/3149 [07:39<04:03,  7.76it/s]
Stretch:  40%|███▉      | 1259/3149 [07:40<05:54,  5.33it/s]
Stretch:  40%|████      | 1261/3149 [07:40<04:43,  6.67it/s]
Stretch:  40%|████      | 1263/3149 [07:40<04:17,  7.31it/s]
Stretch:  40%|████      | 1264/3149 [07:40<04:25,  7.09it/s]
Stretch:  40%|████      | 1265/3149 [07:41<04:20,  7.23it/s]
Stretch:  40%|████      | 1266/3149 [07:41<04:13,  7.44it/s]
Stretch:  40%|████      | 1267/3149 [07:41<04:13,  7.41it/s]
Stretch:  40%|████      | 1268/3149 [07:41<06:10,  5.07it/s]
Stretch:  40%|████      | 1269/3149 [07:41<05:42,  5.49it/s]
Stretch:  40%|████      | 1270/3149 [07:41<05:02,  6.21it/s]
Stretch:  40%|████      | 1271/3149 [07:42<04:54,  6.37it/s]
Stretch:  40%|████      | 1272/3149 [07:42<05:20,  5.85it/s]
Stretch:  40%|████      | 1273/3149 [07:42<04:49,  6.48it/s]
Stretch:  40%|████      | 1274/3149 [07:42<04:48,  6.51it/s]
Stretch:  41%|████      | 1276/3149 [07:42<05:40,  5.50it/s]
Stretch:  41%|████      | 1278/3149 [07:43<04:38,  6.72it/s]
Stretch:  41%|████      | 1280/3149 [07:43<04:12,  7.40it/s]
Stretch:  41%|████      | 1281/3149 [07:43<04:28,  6.97it/s]
Stretch:  41%|████      | 1282/3149 [07:43<04:17,  7.25it/s]
Stretch:  41%|████      | 1283/3149 [07:43<04:17,  7.25it/s]
Stretch:  41%|████      | 1284/3149 [07:44<06:32,  4.75it/s]
Stretch:  41%|████      | 1285/3149 [07:44<05:44,  5.42it/s]
Stretch:  41%|████      | 1286/3149 [07:44<05:00,  6.19it/s]
Stretch:  41%|████      | 1287/3149 [07:44<04:29,  6.91it/s]
Stretch:  41%|████      | 1288/3149 [07:44<04:06,  7.55it/s]
Stretch:  41%|████      | 1290/3149 [07:44<04:05,  7.56it/s]
Stretch:  41%|████      | 1291/3149 [07:45<04:52,  6.36it/s]
Stretch:  41%|████      | 1292/3149 [07:45<05:28,  5.65it/s]
Stretch:  41%|████      | 1293/3149 [07:45<04:50,  6.40it/s]
Stretch:  41%|████      | 1295/3149 [07:45<03:54,  7.90it/s]
Stretch:  41%|████      | 1296/3149 [07:45<04:32,  6.80it/s]
Stretch:  41%|████      | 1297/3149 [07:46<04:52,  6.33it/s]
Stretch:  41%|████      | 1298/3149 [07:46<04:50,  6.37it/s]
Stretch:  41%|████▏     | 1300/3149 [07:46<04:01,  7.66it/s]
Stretch:  41%|████▏     | 1301/3149 [07:46<04:36,  6.68it/s]
Stretch:  41%|████▏     | 1302/3149 [07:46<05:22,  5.72it/s]
Stretch:  41%|████▏     | 1303/3149 [07:46<04:50,  6.35it/s]
Stretch:  41%|████▏     | 1304/3149 [07:47<04:22,  7.02it/s]
Stretch:  41%|████▏     | 1306/3149 [07:47<03:47,  8.12it/s]
Stretch:  42%|████▏     | 1307/3149 [07:47<04:24,  6.95it/s]
Stretch:  42%|████▏     | 1308/3149 [07:47<05:45,  5.33it/s]
Stretch:  42%|████▏     | 1309/3149 [07:47<05:32,  5.54it/s]
Stretch:  42%|████▏     | 1310/3149 [07:48<04:51,  6.31it/s]
Stretch:  42%|████▏     | 1311/3149 [07:48<06:08,  4.99it/s]
Stretch:  42%|████▏     | 1312/3149 [07:48<06:49,  4.48it/s]
Stretch:  42%|████▏     | 1314/3149 [07:48<05:02,  6.07it/s]
Stretch:  42%|████▏     | 1316/3149 [07:49<04:16,  7.14it/s]
Stretch:  42%|████▏     | 1317/3149 [07:49<04:39,  6.56it/s]
Stretch:  42%|████▏     | 1318/3149 [07:49<04:49,  6.32it/s]
Stretch:  42%|████▏     | 1319/3149 [07:49<04:27,  6.84it/s]
Stretch:  42%|████▏     | 1320/3149 [07:49<04:11,  7.27it/s]
Stretch:  42%|████▏     | 1321/3149 [07:49<04:00,  7.61it/s]
Stretch:  42%|████▏     | 1322/3149 [07:49<04:27,  6.83it/s]
Stretch:  42%|████▏     | 1323/3149 [07:50<04:19,  7.05it/s]
Stretch:  42%|████▏     | 1324/3149 [07:50<04:01,  7.57it/s]
Stretch:  42%|████▏     | 1325/3149 [07:50<03:44,  8.14it/s]
Stretch:  42%|████▏     | 1326/3149 [07:50<03:39,  8.29it/s]
Stretch:  42%|████▏     | 1328/3149 [07:50<03:14,  9.36it/s]
Stretch:  42%|████▏     | 1330/3149 [07:50<03:14,  9.37it/s]
Stretch:  42%|████▏     | 1331/3149 [07:50<03:40,  8.26it/s]
Stretch:  42%|████▏     | 1332/3149 [07:51<03:50,  7.89it/s]
Stretch:  42%|████▏     | 1334/3149 [07:51<03:31,  8.56it/s]
Stretch:  42%|████▏     | 1335/3149 [07:51<03:57,  7.63it/s]
Stretch:  42%|████▏     | 1336/3149 [07:51<04:22,  6.90it/s]
Stretch:  42%|████▏     | 1337/3149 [07:51<04:10,  7.24it/s]
Stretch:  43%|████▎     | 1339/3149 [07:51<03:30,  8.61it/s]
Stretch:  43%|████▎     | 1341/3149 [07:52<03:08,  9.58it/s]
Stretch:  43%|████▎     | 1343/3149 [07:52<03:14,  9.31it/s]
Stretch:  43%|████▎     | 1344/3149 [07:52<03:41,  8.15it/s]
Stretch:  43%|████▎     | 1345/3149 [07:52<04:54,  6.12it/s]
Stretch:  43%|████▎     | 1346/3149 [07:53<05:45,  5.22it/s]
Stretch:  43%|████▎     | 1347/3149 [07:53<05:42,  5.26it/s]
Stretch:  43%|████▎     | 1348/3149 [07:53<05:05,  5.89it/s]
Stretch:  43%|████▎     | 1349/3149 [07:53<05:40,  5.28it/s]
Stretch:  43%|████▎     | 1350/3149 [07:53<05:51,  5.12it/s]
Stretch:  43%|████▎     | 1351/3149 [07:53<05:03,  5.93it/s]
Stretch:  43%|████▎     | 1352/3149 [07:54<05:06,  5.87it/s]
Stretch:  43%|████▎     | 1353/3149 [07:54<05:13,  5.73it/s]
Stretch:  43%|████▎     | 1354/3149 [07:54<04:56,  6.05it/s]
Stretch:  43%|████▎     | 1356/3149 [07:54<03:57,  7.54it/s]
Stretch:  43%|████▎     | 1357/3149 [07:54<03:48,  7.83it/s]
Stretch:  43%|████▎     | 1358/3149 [07:54<04:07,  7.22it/s]
Stretch:  43%|████▎     | 1359/3149 [07:55<04:11,  7.11it/s]
Stretch:  43%|████▎     | 1361/3149 [07:55<03:36,  8.25it/s]
Stretch:  43%|████▎     | 1362/3149 [07:55<03:29,  8.51it/s]
Stretch:  43%|████▎     | 1364/3149 [07:55<03:40,  8.10it/s]
Stretch:  43%|████▎     | 1365/3149 [07:55<03:40,  8.10it/s]
Stretch:  43%|████▎     | 1367/3149 [07:55<03:20,  8.89it/s]
Stretch:  43%|████▎     | 1369/3149 [07:56<03:18,  8.97it/s]
Stretch:  44%|████▎     | 1370/3149 [07:56<03:59,  7.42it/s]
Stretch:  44%|████▎     | 1371/3149 [07:56<04:09,  7.12it/s]
Stretch:  44%|████▎     | 1372/3149 [07:56<03:58,  7.46it/s]
Stretch:  44%|████▎     | 1373/3149 [07:56<03:48,  7.77it/s]
Stretch:  44%|████▎     | 1374/3149 [07:56<03:39,  8.10it/s]
Stretch:  44%|████▎     | 1375/3149 [07:57<03:45,  7.85it/s]
Stretch:  44%|████▎     | 1376/3149 [07:57<03:54,  7.56it/s]
Stretch:  44%|████▎     | 1377/3149 [07:57<04:35,  6.44it/s]
Stretch:  44%|████▍     | 1378/3149 [07:57<04:15,  6.93it/s]
Stretch:  44%|████▍     | 1380/3149 [07:57<03:32,  8.34it/s]
Stretch:  44%|████▍     | 1381/3149 [07:57<03:41,  7.97it/s]
Stretch:  44%|████▍     | 1382/3149 [07:58<04:09,  7.09it/s]
Stretch:  44%|████▍     | 1384/3149 [07:58<03:29,  8.43it/s]
Stretch:  44%|████▍     | 1386/3149 [07:58<03:11,  9.22it/s]
Stretch:  44%|████▍     | 1387/3149 [07:58<03:49,  7.68it/s]
Stretch:  44%|████▍     | 1388/3149 [07:58<04:17,  6.84it/s]
Stretch:  44%|████▍     | 1389/3149 [07:58<03:59,  7.34it/s]
Stretch:  44%|████▍     | 1391/3149 [07:59<03:20,  8.75it/s]
Stretch:  44%|████▍     | 1393/3149 [07:59<03:25,  8.53it/s]
Stretch:  44%|████▍     | 1394/3149 [07:59<03:50,  7.60it/s]
Stretch:  44%|████▍     | 1396/3149 [07:59<03:20,  8.73it/s]
Stretch:  44%|████▍     | 1398/3149 [07:59<03:34,  8.16it/s]
Stretch:  44%|████▍     | 1399/3149 [08:00<03:47,  7.68it/s]
Stretch:  44%|████▍     | 1401/3149 [08:00<03:37,  8.03it/s]
Stretch:  45%|████▍     | 1402/3149 [08:00<03:35,  8.12it/s]
Stretch:  45%|████▍     | 1403/3149 [08:00<04:00,  7.25it/s]
Stretch:  45%|████▍     | 1404/3149 [08:00<04:25,  6.57it/s]
Stretch:  45%|████▍     | 1405/3149 [08:00<04:11,  6.94it/s]
Stretch:  45%|████▍     | 1407/3149 [08:01<04:21,  6.66it/s]
Stretch:  45%|████▍     | 1408/3149 [08:01<05:05,  5.69it/s]
Stretch:  45%|████▍     | 1409/3149 [08:01<04:36,  6.29it/s]
Stretch:  45%|████▍     | 1410/3149 [08:01<04:14,  6.83it/s]
Stretch:  45%|████▍     | 1411/3149 [08:01<04:34,  6.33it/s]
Stretch:  45%|████▍     | 1412/3149 [08:02<04:41,  6.17it/s]
Stretch:  45%|████▍     | 1414/3149 [08:02<03:45,  7.69it/s]
Stretch:  45%|████▍     | 1415/3149 [08:02<03:37,  7.97it/s]
Stretch:  45%|████▍     | 1416/3149 [08:02<04:30,  6.40it/s]
Stretch:  45%|████▍     | 1417/3149 [08:03<07:11,  4.01it/s]
Stretch:  45%|████▌     | 1418/3149 [08:03<08:14,  3.50it/s]
Stretch:  45%|████▌     | 1419/3149 [08:03<08:14,  3.50it/s]
Stretch:  45%|████▌     | 1420/3149 [08:04<08:03,  3.58it/s]
Stretch:  45%|████▌     | 1421/3149 [08:04<07:42,  3.73it/s]
Stretch:  45%|████▌     | 1422/3149 [08:04<06:18,  4.56it/s]
Stretch:  45%|████▌     | 1423/3149 [08:05<09:49,  2.93it/s]
Stretch:  45%|████▌     | 1424/3149 [08:05<08:02,  3.57it/s]
Stretch:  45%|████▌     | 1425/3149 [08:05<07:04,  4.06it/s]
Stretch:  45%|████▌     | 1426/3149 [08:05<07:23,  3.88it/s]
Stretch:  45%|████▌     | 1427/3149 [08:05<06:05,  4.72it/s]
Stretch:  45%|████▌     | 1429/3149 [08:05<04:18,  6.66it/s]
Stretch:  45%|████▌     | 1430/3149 [08:06<04:27,  6.42it/s]
Stretch:  45%|████▌     | 1431/3149 [08:06<05:47,  4.95it/s]
Stretch:  45%|████▌     | 1432/3149 [08:06<06:21,  4.50it/s]
Stretch:  46%|████▌     | 1433/3149 [08:06<05:25,  5.28it/s]
Stretch:  46%|████▌     | 1435/3149 [08:07<05:44,  4.98it/s]
Stretch:  46%|████▌     | 1436/3149 [08:07<06:27,  4.42it/s]
Stretch:  46%|████▌     | 1437/3149 [08:07<05:56,  4.80it/s]
Stretch:  46%|████▌     | 1438/3149 [08:07<06:08,  4.65it/s]
Stretch:  46%|████▌     | 1439/3149 [08:08<07:33,  3.77it/s]
Stretch:  46%|████▌     | 1440/3149 [08:08<09:04,  3.14it/s]
Stretch:  46%|████▌     | 1441/3149 [08:09<10:20,  2.75it/s]
Stretch:  46%|████▌     | 1442/3149 [08:09<10:12,  2.78it/s]
Stretch:  46%|████▌     | 1443/3149 [08:09<10:11,  2.79it/s]
Stretch:  46%|████▌     | 1444/3149 [08:10<12:05,  2.35it/s]
Stretch:  46%|████▌     | 1445/3149 [08:10<11:17,  2.51it/s]
Stretch:  46%|████▌     | 1446/3149 [08:11<11:20,  2.50it/s]
Stretch:  46%|████▌     | 1447/3149 [08:11<10:24,  2.72it/s]
Stretch:  46%|████▌     | 1448/3149 [08:11<10:30,  2.70it/s]
Stretch:  46%|████▌     | 1449/3149 [08:12<13:33,  2.09it/s]
Stretch:  46%|████▌     | 1450/3149 [08:13<12:28,  2.27it/s]
Stretch:  46%|████▌     | 1451/3149 [08:13<12:24,  2.28it/s]
Stretch:  46%|████▌     | 1452/3149 [08:13<12:22,  2.29it/s]
Stretch:  46%|████▌     | 1453/3149 [08:14<13:26,  2.10it/s]
Stretch:  46%|████▌     | 1454/3149 [08:14<12:08,  2.33it/s]
Stretch:  46%|████▌     | 1455/3149 [08:15<12:44,  2.22it/s]
Stretch:  46%|████▌     | 1456/3149 [08:15<12:08,  2.32it/s]
Stretch:  46%|████▋     | 1457/3149 [08:16<12:02,  2.34it/s]
Stretch:  46%|████▋     | 1458/3149 [08:16<09:34,  2.94it/s]
Stretch:  46%|████▋     | 1459/3149 [08:16<08:41,  3.24it/s]
Stretch:  46%|████▋     | 1460/3149 [08:16<08:26,  3.33it/s]
Stretch:  46%|████▋     | 1461/3149 [08:16<07:05,  3.96it/s]
Stretch:  46%|████▋     | 1462/3149 [08:17<06:12,  4.53it/s]
Stretch:  46%|████▋     | 1463/3149 [08:17<05:12,  5.39it/s]
Stretch:  47%|████▋     | 1465/3149 [08:17<05:44,  4.89it/s]
Stretch:  47%|████▋     | 1466/3149 [08:17<05:34,  5.02it/s]
Stretch:  47%|████▋     | 1467/3149 [08:17<04:52,  5.75it/s]
Stretch:  47%|████▋     | 1469/3149 [08:18<04:15,  6.58it/s]
Stretch:  47%|████▋     | 1470/3149 [08:18<05:39,  4.95it/s]
Stretch:  47%|████▋     | 1471/3149 [08:18<05:02,  5.55it/s]
Stretch:  47%|████▋     | 1473/3149 [08:18<04:04,  6.86it/s]
Stretch:  47%|████▋     | 1474/3149 [08:19<05:23,  5.18it/s]
Stretch:  47%|████▋     | 1475/3149 [08:19<05:22,  5.20it/s]
Stretch:  47%|████▋     | 1477/3149 [08:19<04:14,  6.58it/s]
Stretch:  47%|████▋     | 1479/3149 [08:19<03:41,  7.54it/s]
Stretch:  47%|████▋     | 1480/3149 [08:20<06:12,  4.48it/s]
Stretch:  47%|████▋     | 1481/3149 [08:20<05:38,  4.93it/s]
Stretch:  47%|████▋     | 1482/3149 [08:20<04:57,  5.61it/s]
Stretch:  47%|████▋     | 1483/3149 [08:20<06:28,  4.29it/s]
Stretch:  47%|████▋     | 1484/3149 [08:21<05:32,  5.00it/s]
Stretch:  47%|████▋     | 1485/3149 [08:21<04:48,  5.77it/s]
Stretch:  47%|████▋     | 1487/3149 [08:21<03:49,  7.24it/s]
Stretch:  47%|████▋     | 1488/3149 [08:21<03:36,  7.67it/s]
Stretch:  47%|████▋     | 1490/3149 [08:21<04:27,  6.20it/s]
Stretch:  47%|████▋     | 1491/3149 [08:21<04:18,  6.41it/s]
Stretch:  47%|████▋     | 1492/3149 [08:22<04:12,  6.57it/s]
Stretch:  47%|████▋     | 1493/3149 [08:22<04:21,  6.33it/s]
Stretch:  47%|████▋     | 1494/3149 [08:22<04:25,  6.24it/s]
Stretch:  47%|████▋     | 1495/3149 [08:22<05:56,  4.64it/s]
Stretch:  48%|████▊     | 1496/3149 [08:22<05:29,  5.01it/s]
Stretch:  48%|████▊     | 1497/3149 [08:23<05:00,  5.49it/s]
Stretch:  48%|████▊     | 1498/3149 [08:23<08:51,  3.11it/s]
Stretch:  48%|████▊     | 1499/3149 [08:23<07:48,  3.52it/s]
Stretch:  48%|████▊     | 1500/3149 [08:24<06:24,  4.29it/s]
Stretch:  48%|████▊     | 1501/3149 [08:24<07:24,  3.71it/s]
Stretch:  48%|████▊     | 1502/3149 [08:24<06:41,  4.11it/s]
Stretch:  48%|████▊     | 1503/3149 [08:24<06:21,  4.32it/s]
Stretch:  48%|████▊     | 1504/3149 [08:25<07:45,  3.54it/s]
Stretch:  48%|████▊     | 1505/3149 [08:25<06:51,  3.99it/s]
Stretch:  48%|████▊     | 1506/3149 [08:25<06:05,  4.50it/s]
Stretch:  48%|████▊     | 1507/3149 [08:25<05:40,  4.83it/s]
Stretch:  48%|████▊     | 1508/3149 [08:25<04:55,  5.55it/s]
Stretch:  48%|████▊     | 1509/3149 [08:26<05:06,  5.36it/s]
Stretch:  48%|████▊     | 1510/3149 [08:26<07:07,  3.83it/s]
Stretch:  48%|████▊     | 1512/3149 [08:26<05:44,  4.75it/s]
Stretch:  48%|████▊     | 1513/3149 [08:27<05:45,  4.73it/s]
Stretch:  48%|████▊     | 1514/3149 [08:27<04:58,  5.49it/s]
Stretch:  48%|████▊     | 1515/3149 [08:27<05:44,  4.75it/s]
Stretch:  48%|████▊     | 1516/3149 [08:27<04:55,  5.52it/s]
Stretch:  48%|████▊     | 1517/3149 [08:27<04:35,  5.93it/s]
Stretch:  48%|████▊     | 1518/3149 [08:27<04:35,  5.92it/s]
Stretch:  48%|████▊     | 1519/3149 [08:27<04:16,  6.37it/s]
Stretch:  48%|████▊     | 1520/3149 [08:28<06:49,  3.98it/s]
Stretch:  48%|████▊     | 1521/3149 [08:28<06:38,  4.08it/s]
Stretch:  48%|████▊     | 1523/3149 [08:28<04:42,  5.76it/s]
Stretch:  48%|████▊     | 1525/3149 [08:29<04:16,  6.32it/s]
Stretch:  48%|████▊     | 1526/3149 [08:29<05:38,  4.80it/s]
Stretch:  48%|████▊     | 1527/3149 [08:29<05:04,  5.32it/s]
Stretch:  49%|████▊     | 1528/3149 [08:29<04:54,  5.51it/s]
Stretch:  49%|████▊     | 1529/3149 [08:29<05:01,  5.37it/s]
Stretch:  49%|████▊     | 1530/3149 [08:30<04:30,  6.00it/s]
Stretch:  49%|████▊     | 1531/3149 [08:30<05:44,  4.70it/s]
Stretch:  49%|████▊     | 1532/3149 [08:30<06:02,  4.46it/s]
Stretch:  49%|████▊     | 1534/3149 [08:30<04:28,  6.02it/s]
Stretch:  49%|████▊     | 1535/3149 [08:30<04:03,  6.64it/s]
Stretch:  49%|████▉     | 1536/3149 [08:31<03:42,  7.26it/s]
Stretch:  49%|████▉     | 1538/3149 [08:31<04:54,  5.46it/s]
Stretch:  49%|████▉     | 1539/3149 [08:31<04:29,  5.97it/s]
Stretch:  49%|████▉     | 1541/3149 [08:31<03:41,  7.25it/s]
Stretch:  49%|████▉     | 1542/3149 [08:31<03:29,  7.69it/s]
Stretch:  49%|████▉     | 1543/3149 [08:32<03:43,  7.18it/s]
Stretch:  49%|████▉     | 1544/3149 [08:32<05:13,  5.12it/s]
Stretch:  49%|████▉     | 1546/3149 [08:32<04:14,  6.31it/s]
Stretch:  49%|████▉     | 1547/3149 [08:32<04:46,  5.58it/s]
Stretch:  49%|████▉     | 1548/3149 [08:33<04:51,  5.49it/s]
Stretch:  49%|████▉     | 1549/3149 [08:33<05:36,  4.75it/s]
Stretch:  49%|████▉     | 1551/3149 [08:33<04:20,  6.15it/s]
Stretch:  49%|████▉     | 1552/3149 [08:33<04:19,  6.15it/s]
Stretch:  49%|████▉     | 1553/3149 [08:34<04:40,  5.69it/s]
Stretch:  49%|████▉     | 1555/3149 [08:34<03:41,  7.20it/s]
Stretch:  49%|████▉     | 1556/3149 [08:34<03:27,  7.69it/s]
Stretch:  49%|████▉     | 1557/3149 [08:34<03:41,  7.20it/s]
Stretch:  49%|████▉     | 1558/3149 [08:34<03:54,  6.77it/s]
Stretch:  50%|████▉     | 1559/3149 [08:34<03:34,  7.42it/s]
Stretch:  50%|████▉     | 1560/3149 [08:34<03:35,  7.36it/s]
Stretch:  50%|████▉     | 1561/3149 [08:34<03:37,  7.30it/s]
Stretch:  50%|████▉     | 1562/3149 [08:35<05:40,  4.65it/s]
Stretch:  50%|████▉     | 1564/3149 [08:35<04:06,  6.44it/s]
Stretch:  50%|████▉     | 1566/3149 [08:35<03:41,  7.16it/s]
Stretch:  50%|████▉     | 1567/3149 [08:35<03:46,  6.99it/s]
Stretch:  50%|████▉     | 1568/3149 [08:36<04:53,  5.39it/s]
Stretch:  50%|████▉     | 1569/3149 [08:36<04:32,  5.81it/s]
Stretch:  50%|████▉     | 1570/3149 [08:36<04:17,  6.12it/s]
Stretch:  50%|████▉     | 1571/3149 [08:36<04:34,  5.74it/s]
Stretch:  50%|████▉     | 1572/3149 [08:36<04:29,  5.86it/s]
Stretch:  50%|████▉     | 1574/3149 [08:37<03:36,  7.26it/s]
Stretch:  50%|█████     | 1576/3149 [08:37<03:27,  7.58it/s]
Stretch:  50%|█████     | 1577/3149 [08:37<03:45,  6.98it/s]
Stretch:  50%|█████     | 1578/3149 [08:37<03:32,  7.38it/s]
Stretch:  50%|█████     | 1580/3149 [08:37<03:09,  8.29it/s]
Stretch:  50%|█████     | 1581/3149 [08:38<03:25,  7.64it/s]
Stretch:  50%|█████     | 1582/3149 [08:38<05:06,  5.11it/s]
Stretch:  50%|█████     | 1583/3149 [08:38<04:31,  5.77it/s]
Stretch:  50%|█████     | 1584/3149 [08:38<05:10,  5.04it/s]
Stretch:  50%|█████     | 1585/3149 [08:38<04:52,  5.35it/s]
Stretch:  50%|█████     | 1586/3149 [08:39<05:49,  4.48it/s]
Stretch:  50%|█████     | 1587/3149 [08:39<05:54,  4.40it/s]
Stretch:  50%|█████     | 1588/3149 [08:39<05:12,  4.99it/s]
Stretch:  50%|█████     | 1589/3149 [08:39<04:49,  5.39it/s]
Stretch:  50%|█████     | 1590/3149 [08:39<04:25,  5.88it/s]
Stretch:  51%|█████     | 1591/3149 [08:40<05:47,  4.48it/s]
Stretch:  51%|█████     | 1592/3149 [08:40<05:16,  4.91it/s]
Stretch:  51%|█████     | 1594/3149 [08:40<03:59,  6.49it/s]
Stretch:  51%|█████     | 1596/3149 [08:40<03:29,  7.43it/s]
Stretch:  51%|█████     | 1597/3149 [08:40<03:22,  7.66it/s]
Stretch:  51%|█████     | 1598/3149 [08:41<04:54,  5.27it/s]
Stretch:  51%|█████     | 1599/3149 [08:41<04:38,  5.57it/s]
Stretch:  51%|█████     | 1600/3149 [08:41<04:18,  5.99it/s]
Stretch:  51%|█████     | 1601/3149 [08:41<04:07,  6.26it/s]
Stretch:  51%|█████     | 1602/3149 [08:41<03:52,  6.65it/s]
Stretch:  51%|█████     | 1604/3149 [08:42<03:24,  7.54it/s]
Stretch:  51%|█████     | 1605/3149 [08:42<03:24,  7.57it/s]
Stretch:  51%|█████     | 1606/3149 [08:42<03:40,  7.01it/s]
Stretch:  51%|█████     | 1607/3149 [08:42<03:46,  6.80it/s]
Stretch:  51%|█████     | 1608/3149 [08:42<03:28,  7.38it/s]
Stretch:  51%|█████     | 1610/3149 [08:42<02:56,  8.74it/s]
Stretch:  51%|█████     | 1612/3149 [08:42<02:38,  9.71it/s]
Stretch:  51%|█████     | 1613/3149 [08:43<02:48,  9.11it/s]
Stretch:  51%|█████▏    | 1614/3149 [08:43<03:10,  8.08it/s]
Stretch:  51%|█████▏    | 1615/3149 [08:43<03:18,  7.72it/s]
Stretch:  51%|█████▏    | 1616/3149 [08:43<03:22,  7.58it/s]
Stretch:  51%|█████▏    | 1617/3149 [08:43<03:20,  7.64it/s]
Stretch:  51%|█████▏    | 1618/3149 [08:43<03:49,  6.68it/s]
Stretch:  51%|█████▏    | 1619/3149 [08:44<03:43,  6.85it/s]
Stretch:  51%|█████▏    | 1621/3149 [08:44<03:03,  8.34it/s]
Stretch:  52%|█████▏    | 1623/3149 [08:44<02:50,  8.97it/s]
Stretch:  52%|█████▏    | 1624/3149 [08:44<03:01,  8.42it/s]
Stretch:  52%|█████▏    | 1625/3149 [08:44<03:22,  7.54it/s]
Stretch:  52%|█████▏    | 1626/3149 [08:44<03:21,  7.57it/s]
Stretch:  52%|█████▏    | 1628/3149 [08:45<02:58,  8.54it/s]
Stretch:  52%|█████▏    | 1630/3149 [08:45<02:41,  9.40it/s]
Stretch:  52%|█████▏    | 1632/3149 [08:45<02:37,  9.63it/s]
Stretch:  52%|█████▏    | 1633/3149 [08:45<02:36,  9.70it/s]
Stretch:  52%|█████▏    | 1635/3149 [08:45<02:40,  9.45it/s]
Stretch:  52%|█████▏    | 1636/3149 [08:45<03:03,  8.23it/s]
Stretch:  52%|█████▏    | 1637/3149 [08:46<02:57,  8.51it/s]
Stretch:  52%|█████▏    | 1639/3149 [08:46<02:40,  9.38it/s]
Stretch:  52%|█████▏    | 1641/3149 [08:46<02:37,  9.59it/s]
Stretch:  52%|█████▏    | 1642/3149 [08:46<02:45,  9.09it/s]
Stretch:  52%|█████▏    | 1643/3149 [08:46<02:45,  9.09it/s]
Stretch:  52%|█████▏    | 1644/3149 [08:46<02:41,  9.29it/s]
Stretch:  52%|█████▏    | 1645/3149 [08:46<02:41,  9.29it/s]
Stretch:  52%|█████▏    | 1646/3149 [08:47<02:47,  8.99it/s]
Stretch:  52%|█████▏    | 1647/3149 [08:47<03:11,  7.83it/s]
Stretch:  52%|█████▏    | 1648/3149 [08:47<05:15,  4.76it/s]
Stretch:  52%|█████▏    | 1650/3149 [08:47<03:56,  6.33it/s]
Stretch:  52%|█████▏    | 1651/3149 [08:47<03:37,  6.90it/s]
Stretch:  52%|█████▏    | 1652/3149 [08:48<03:41,  6.75it/s]
Stretch:  52%|█████▏    | 1653/3149 [08:48<03:47,  6.59it/s]
Stretch:  53%|█████▎    | 1655/3149 [08:48<03:07,  7.95it/s]
Stretch:  53%|█████▎    | 1657/3149 [08:48<02:51,  8.67it/s]
Stretch:  53%|█████▎    | 1658/3149 [08:48<03:24,  7.28it/s]
Stretch:  53%|█████▎    | 1659/3149 [08:48<03:16,  7.59it/s]
Stretch:  53%|█████▎    | 1660/3149 [08:49<03:04,  8.07it/s]
Stretch:  53%|█████▎    | 1661/3149 [08:49<02:54,  8.51it/s]
Stretch:  53%|█████▎    | 1662/3149 [08:49<03:18,  7.48it/s]
Stretch:  53%|█████▎    | 1663/3149 [08:49<04:01,  6.16it/s]
Stretch:  53%|█████▎    | 1664/3149 [08:49<03:45,  6.57it/s]
Stretch:  53%|█████▎    | 1665/3149 [08:49<03:41,  6.69it/s]
Stretch:  53%|█████▎    | 1667/3149 [08:49<02:56,  8.38it/s]
Stretch:  53%|█████▎    | 1669/3149 [08:50<03:08,  7.87it/s]
Stretch:  53%|█████▎    | 1670/3149 [08:50<03:10,  7.74it/s]
Stretch:  53%|█████▎    | 1671/3149 [08:50<03:11,  7.74it/s]
Stretch:  53%|█████▎    | 1672/3149 [08:50<03:09,  7.78it/s]
Stretch:  53%|█████▎    | 1673/3149 [08:50<03:28,  7.07it/s]
Stretch:  53%|█████▎    | 1674/3149 [08:50<03:35,  6.84it/s]
Stretch:  53%|█████▎    | 1675/3149 [08:51<03:22,  7.27it/s]
Stretch:  53%|█████▎    | 1676/3149 [08:51<03:10,  7.75it/s]
Stretch:  53%|█████▎    | 1678/3149 [08:51<02:47,  8.79it/s]
Stretch:  53%|█████▎    | 1679/3149 [08:51<02:52,  8.53it/s]
Stretch:  53%|█████▎    | 1680/3149 [08:51<03:04,  7.94it/s]
Stretch:  53%|█████▎    | 1681/3149 [08:51<03:04,  7.96it/s]
Stretch:  53%|█████▎    | 1683/3149 [08:51<02:43,  8.98it/s]
Stretch:  53%|█████▎    | 1684/3149 [08:52<02:45,  8.83it/s]
Stretch:  54%|█████▎    | 1685/3149 [08:52<02:50,  8.57it/s]
Stretch:  54%|█████▎    | 1686/3149 [08:52<02:56,  8.27it/s]
Stretch:  54%|█████▎    | 1687/3149 [08:52<02:52,  8.49it/s]
Stretch:  54%|█████▎    | 1689/3149 [08:52<02:31,  9.61it/s]
Stretch:  54%|█████▎    | 1690/3149 [08:52<02:35,  9.39it/s]
Stretch:  54%|█████▎    | 1691/3149 [08:52<02:58,  8.19it/s]
Stretch:  54%|█████▎    | 1692/3149 [08:53<02:54,  8.35it/s]
Stretch:  54%|█████▍    | 1694/3149 [08:53<02:54,  8.32it/s]
Stretch:  54%|█████▍    | 1695/3149 [08:53<03:13,  7.50it/s]
Stretch:  54%|█████▍    | 1696/3149 [08:53<03:22,  7.17it/s]
Stretch:  54%|█████▍    | 1698/3149 [08:54<03:59,  6.07it/s]
Stretch:  54%|█████▍    | 1699/3149 [08:54<03:50,  6.29it/s]
Stretch:  54%|█████▍    | 1700/3149 [08:54<03:39,  6.59it/s]
Stretch:  54%|█████▍    | 1701/3149 [08:54<03:31,  6.86it/s]
Stretch:  54%|█████▍    | 1702/3149 [08:54<03:28,  6.95it/s]
Stretch:  54%|█████▍    | 1703/3149 [08:54<03:14,  7.45it/s]
Stretch:  54%|█████▍    | 1704/3149 [08:54<03:13,  7.45it/s]
Stretch:  54%|█████▍    | 1706/3149 [08:54<02:50,  8.47it/s]
Stretch:  54%|█████▍    | 1708/3149 [08:55<02:31,  9.51it/s]
Stretch:  54%|█████▍    | 1710/3149 [08:55<02:25,  9.89it/s]
Stretch:  54%|█████▍    | 1712/3149 [08:55<02:24,  9.91it/s]
Stretch:  54%|█████▍    | 1714/3149 [08:55<02:19, 10.27it/s]
Stretch:  54%|█████▍    | 1716/3149 [08:55<02:18, 10.35it/s]
Stretch:  55%|█████▍    | 1718/3149 [08:56<02:20, 10.21it/s]
Stretch:  55%|█████▍    | 1720/3149 [08:56<02:16, 10.43it/s]
Stretch:  55%|█████▍    | 1722/3149 [08:56<02:14, 10.60it/s]
Stretch:  55%|█████▍    | 1724/3149 [08:56<02:22, 10.01it/s]
Stretch:  55%|█████▍    | 1726/3149 [08:56<02:38,  8.96it/s]
Stretch:  55%|█████▍    | 1727/3149 [08:57<02:43,  8.69it/s]
Stretch:  55%|█████▍    | 1729/3149 [08:57<02:39,  8.92it/s]
Stretch:  55%|█████▍    | 1731/3149 [08:57<02:28,  9.55it/s]
Stretch:  55%|█████▌    | 1733/3149 [08:57<02:23,  9.85it/s]
Stretch:  55%|█████▌    | 1734/3149 [08:57<02:35,  9.08it/s]
Stretch:  55%|█████▌    | 1735/3149 [08:57<02:38,  8.92it/s]
Stretch:  55%|█████▌    | 1736/3149 [08:58<02:35,  9.07it/s]
Stretch:  55%|█████▌    | 1737/3149 [08:58<02:34,  9.13it/s]
Stretch:  55%|█████▌    | 1739/3149 [08:58<02:25,  9.68it/s]
Stretch:  55%|█████▌    | 1740/3149 [08:58<02:25,  9.70it/s]
Stretch:  55%|█████▌    | 1742/3149 [08:58<02:25,  9.67it/s]
Stretch:  55%|█████▌    | 1744/3149 [08:58<02:19, 10.06it/s]
Stretch:  55%|█████▌    | 1746/3149 [08:59<02:11, 10.70it/s]
Stretch:  56%|█████▌    | 1748/3149 [08:59<02:06, 11.08it/s]
Stretch:  56%|█████▌    | 1750/3149 [08:59<02:10, 10.71it/s]
Stretch:  56%|█████▌    | 1752/3149 [08:59<02:14, 10.37it/s]
Stretch:  56%|█████▌    | 1754/3149 [08:59<02:10, 10.67it/s]
Stretch:  56%|█████▌    | 1756/3149 [08:59<02:09, 10.74it/s]
Stretch:  56%|█████▌    | 1758/3149 [09:00<02:07, 10.89it/s]
Stretch:  56%|█████▌    | 1760/3149 [09:00<02:08, 10.82it/s]
Stretch:  56%|█████▌    | 1762/3149 [09:00<02:07, 10.84it/s]
Stretch:  56%|█████▌    | 1764/3149 [09:00<02:06, 10.94it/s]
Stretch:  56%|█████▌    | 1766/3149 [09:00<02:07, 10.86it/s]
Stretch:  56%|█████▌    | 1768/3149 [09:01<02:11, 10.47it/s]
Stretch:  56%|█████▌    | 1770/3149 [09:01<02:16, 10.09it/s]
Stretch:  56%|█████▋    | 1772/3149 [09:01<02:34,  8.90it/s]
Stretch:  56%|█████▋    | 1773/3149 [09:01<02:33,  8.96it/s]
Stretch:  56%|█████▋    | 1774/3149 [09:01<02:30,  9.14it/s]
Stretch:  56%|█████▋    | 1776/3149 [09:01<02:17,  9.96it/s]
Stretch:  56%|█████▋    | 1778/3149 [09:02<02:25,  9.44it/s]
Stretch:  57%|█████▋    | 1780/3149 [09:02<02:21,  9.70it/s]
Stretch:  57%|█████▋    | 1782/3149 [09:02<02:17,  9.96it/s]
Stretch:  57%|█████▋    | 1784/3149 [09:02<02:13, 10.22it/s]
Stretch:  57%|█████▋    | 1786/3149 [09:02<02:14, 10.14it/s]
Stretch:  57%|█████▋    | 1788/3149 [09:03<02:13, 10.21it/s]
Stretch:  57%|█████▋    | 1790/3149 [09:03<02:10, 10.41it/s]
Stretch:  57%|█████▋    | 1792/3149 [09:03<02:12, 10.27it/s]
Stretch:  57%|█████▋    | 1794/3149 [09:03<02:11, 10.27it/s]
Stretch:  57%|█████▋    | 1796/3149 [09:03<02:12, 10.23it/s]
Stretch:  57%|█████▋    | 1798/3149 [09:04<03:31,  6.40it/s]
Stretch:  57%|█████▋    | 1799/3149 [09:04<04:24,  5.11it/s]
Stretch:  57%|█████▋    | 1800/3149 [09:05<04:48,  4.68it/s]
Stretch:  57%|█████▋    | 1801/3149 [09:05<04:35,  4.89it/s]
Stretch:  57%|█████▋    | 1802/3149 [09:05<04:08,  5.43it/s]
Stretch:  57%|█████▋    | 1803/3149 [09:05<03:44,  6.00it/s]
Stretch:  57%|█████▋    | 1804/3149 [09:05<03:23,  6.61it/s]
Stretch:  57%|█████▋    | 1806/3149 [09:05<02:54,  7.68it/s]
Stretch:  57%|█████▋    | 1807/3149 [09:05<02:45,  8.10it/s]
Stretch:  57%|█████▋    | 1808/3149 [09:06<02:38,  8.48it/s]
Stretch:  57%|█████▋    | 1810/3149 [09:06<02:27,  9.07it/s]
Stretch:  58%|█████▊    | 1811/3149 [09:06<02:24,  9.26it/s]
Stretch:  58%|█████▊    | 1812/3149 [09:06<02:24,  9.24it/s]
Stretch:  58%|█████▊    | 1814/3149 [09:06<02:13,  9.97it/s]
Stretch:  58%|█████▊    | 1816/3149 [09:07<03:50,  5.79it/s]
Stretch:  58%|█████▊    | 1818/3149 [09:07<03:17,  6.74it/s]
Stretch:  58%|█████▊    | 1820/3149 [09:07<02:50,  7.81it/s]
Stretch:  58%|█████▊    | 1821/3149 [09:07<02:44,  8.10it/s]
Stretch:  58%|█████▊    | 1822/3149 [09:07<02:37,  8.44it/s]
Stretch:  58%|█████▊    | 1824/3149 [09:08<02:25,  9.11it/s]
Stretch:  58%|█████▊    | 1826/3149 [09:08<02:21,  9.37it/s]
Stretch:  58%|█████▊    | 1828/3149 [09:08<03:16,  6.72it/s]
Stretch:  58%|█████▊    | 1829/3149 [09:08<03:09,  6.96it/s]
Stretch:  58%|█████▊    | 1830/3149 [09:08<02:58,  7.40it/s]
Stretch:  58%|█████▊    | 1832/3149 [09:09<02:40,  8.20it/s]
Stretch:  58%|█████▊    | 1834/3149 [09:09<02:27,  8.91it/s]
Stretch:  58%|█████▊    | 1836/3149 [09:09<02:28,  8.83it/s]
Stretch:  58%|█████▊    | 1837/3149 [09:09<02:36,  8.41it/s]
Stretch:  58%|█████▊    | 1838/3149 [09:09<02:38,  8.27it/s]
Stretch:  58%|█████▊    | 1839/3149 [09:09<02:42,  8.06it/s]
Stretch:  58%|█████▊    | 1840/3149 [09:10<02:44,  7.94it/s]
Stretch:  58%|█████▊    | 1841/3149 [09:10<02:47,  7.81it/s]
Stretch:  58%|█████▊    | 1842/3149 [09:10<02:46,  7.84it/s]
Stretch:  59%|█████▊    | 1843/3149 [09:10<02:39,  8.21it/s]
Stretch:  59%|█████▊    | 1845/3149 [09:10<02:27,  8.86it/s]
Stretch:  59%|█████▊    | 1846/3149 [09:10<02:23,  9.08it/s]
Stretch:  59%|█████▊    | 1848/3149 [09:10<02:16,  9.53it/s]
Stretch:  59%|█████▊    | 1850/3149 [09:11<02:10,  9.96it/s]
Stretch:  59%|█████▉    | 1851/3149 [09:11<02:28,  8.75it/s]
Stretch:  59%|█████▉    | 1852/3149 [09:11<02:31,  8.57it/s]
Stretch:  59%|█████▉    | 1853/3149 [09:11<02:26,  8.85it/s]
Stretch:  59%|█████▉    | 1854/3149 [09:11<02:52,  7.53it/s]
Stretch:  59%|█████▉    | 1856/3149 [09:11<02:24,  8.92it/s]
Stretch:  59%|█████▉    | 1858/3149 [09:12<02:11,  9.81it/s]
Stretch:  59%|█████▉    | 1860/3149 [09:12<02:05, 10.31it/s]
Stretch:  59%|█████▉    | 1862/3149 [09:12<02:04, 10.38it/s]
Stretch:  59%|█████▉    | 1864/3149 [09:12<02:05, 10.28it/s]
Stretch:  59%|█████▉    | 1866/3149 [09:12<02:01, 10.60it/s]
Stretch:  59%|█████▉    | 1868/3149 [09:13<02:05, 10.19it/s]
Stretch:  59%|█████▉    | 1870/3149 [09:13<01:59, 10.74it/s]
Stretch:  59%|█████▉    | 1872/3149 [09:13<01:53, 11.26it/s]
Stretch:  60%|█████▉    | 1874/3149 [09:13<01:54, 11.15it/s]
Stretch:  60%|█████▉    | 1876/3149 [09:13<01:47, 11.89it/s]
Stretch:  60%|█████▉    | 1878/3149 [09:13<02:00, 10.55it/s]
Stretch:  60%|█████▉    | 1880/3149 [09:14<02:02, 10.35it/s]
Stretch:  60%|█████▉    | 1882/3149 [09:14<02:00, 10.52it/s]
Stretch:  60%|█████▉    | 1884/3149 [09:14<02:03, 10.28it/s]
Stretch:  60%|█████▉    | 1886/3149 [09:14<02:00, 10.48it/s]
Stretch:  60%|█████▉    | 1888/3149 [09:14<01:54, 11.01it/s]
Stretch:  60%|██████    | 1890/3149 [09:15<01:55, 10.91it/s]
Stretch:  60%|██████    | 1892/3149 [09:15<01:59, 10.49it/s]
Stretch:  60%|██████    | 1894/3149 [09:15<01:58, 10.59it/s]
Stretch:  60%|██████    | 1896/3149 [09:15<01:55, 10.85it/s]
Stretch:  60%|██████    | 1898/3149 [09:15<01:54, 10.92it/s]
Stretch:  60%|██████    | 1900/3149 [09:15<01:53, 10.99it/s]
Stretch:  60%|██████    | 1902/3149 [09:16<01:51, 11.17it/s]
Stretch:  60%|██████    | 1904/3149 [09:16<01:52, 11.09it/s]
Stretch:  61%|██████    | 1906/3149 [09:16<01:47, 11.54it/s]
Stretch:  61%|██████    | 1908/3149 [09:16<01:48, 11.47it/s]
Stretch:  61%|██████    | 1910/3149 [09:16<01:47, 11.56it/s]
Stretch:  61%|██████    | 1912/3149 [09:16<01:48, 11.42it/s]
Stretch:  61%|██████    | 1914/3149 [09:17<01:49, 11.32it/s]
Stretch:  61%|██████    | 1916/3149 [09:17<01:56, 10.58it/s]
Stretch:  61%|██████    | 1918/3149 [09:17<01:57, 10.43it/s]
Stretch:  61%|██████    | 1920/3149 [09:17<01:52, 10.94it/s]
Stretch:  61%|██████    | 1922/3149 [09:17<01:52, 10.92it/s]
Stretch:  61%|██████    | 1924/3149 [09:18<01:48, 11.27it/s]
Stretch:  61%|██████    | 1926/3149 [09:18<01:46, 11.47it/s]
Stretch:  61%|██████    | 1928/3149 [09:18<01:48, 11.24it/s]
Stretch:  61%|██████▏   | 1930/3149 [09:18<01:47, 11.33it/s]
Stretch:  61%|██████▏   | 1932/3149 [09:18<01:45, 11.52it/s]
Stretch:  61%|██████▏   | 1934/3149 [09:18<01:46, 11.39it/s]
Stretch:  61%|██████▏   | 1936/3149 [09:19<03:04,  6.58it/s]
Stretch:  62%|██████▏   | 1938/3149 [09:19<02:44,  7.37it/s]
Stretch:  62%|██████▏   | 1940/3149 [09:19<02:27,  8.20it/s]
Stretch:  62%|██████▏   | 1942/3149 [09:20<02:10,  9.25it/s]
Stretch:  62%|██████▏   | 1944/3149 [09:20<01:58, 10.14it/s]
Stretch:  62%|██████▏   | 1946/3149 [09:20<02:01,  9.92it/s]
Stretch:  62%|██████▏   | 1948/3149 [09:20<02:03,  9.69it/s]
Stretch:  62%|██████▏   | 1950/3149 [09:20<02:09,  9.23it/s]
Stretch:  62%|██████▏   | 1952/3149 [09:21<02:06,  9.48it/s]
Stretch:  62%|██████▏   | 1954/3149 [09:21<02:00,  9.95it/s]
Stretch:  62%|██████▏   | 1956/3149 [09:21<01:57, 10.15it/s]
Stretch:  62%|██████▏   | 1958/3149 [09:21<01:57, 10.13it/s]
Stretch:  62%|██████▏   | 1960/3149 [09:22<03:06,  6.37it/s]
Stretch:  62%|██████▏   | 1962/3149 [09:22<02:40,  7.39it/s]
Stretch:  62%|██████▏   | 1963/3149 [09:22<02:34,  7.66it/s]
Stretch:  62%|██████▏   | 1964/3149 [09:22<02:32,  7.78it/s]
Stretch:  62%|██████▏   | 1966/3149 [09:22<02:14,  8.78it/s]
Stretch:  62%|██████▏   | 1968/3149 [09:23<02:03,  9.58it/s]
Stretch:  63%|██████▎   | 1970/3149 [09:23<01:58,  9.98it/s]
Stretch:  63%|██████▎   | 1972/3149 [09:23<01:53, 10.41it/s]
Stretch:  63%|██████▎   | 1974/3149 [09:23<01:47, 10.97it/s]
Stretch:  63%|██████▎   | 1976/3149 [09:23<01:54, 10.23it/s]
Stretch:  63%|██████▎   | 1978/3149 [09:23<01:51, 10.54it/s]
Stretch:  63%|██████▎   | 1980/3149 [09:24<01:48, 10.73it/s]
Stretch:  63%|██████▎   | 1982/3149 [09:24<02:19,  8.36it/s]
Stretch:  63%|██████▎   | 1983/3149 [09:24<02:54,  6.67it/s]
Stretch:  63%|██████▎   | 1984/3149 [09:24<02:44,  7.06it/s]
Stretch:  63%|██████▎   | 1986/3149 [09:25<02:24,  8.05it/s]
Stretch:  63%|██████▎   | 1988/3149 [09:25<02:10,  8.91it/s]
Stretch:  63%|██████▎   | 1989/3149 [09:25<02:17,  8.44it/s]
Stretch:  63%|██████▎   | 1990/3149 [09:25<02:37,  7.34it/s]
Stretch:  63%|██████▎   | 1991/3149 [09:25<02:35,  7.44it/s]
Stretch:  63%|██████▎   | 1992/3149 [09:25<02:31,  7.62it/s]
Stretch:  63%|██████▎   | 1993/3149 [09:26<02:52,  6.70it/s]
Stretch:  63%|██████▎   | 1995/3149 [09:26<02:23,  8.07it/s]
Stretch:  63%|██████▎   | 1996/3149 [09:26<02:22,  8.10it/s]
Stretch:  63%|██████▎   | 1997/3149 [09:26<02:29,  7.71it/s]
Stretch:  63%|██████▎   | 1999/3149 [09:26<02:14,  8.53it/s]
Stretch:  64%|██████▎   | 2001/3149 [09:26<02:26,  7.85it/s]
Stretch:  64%|██████▎   | 2003/3149 [09:27<02:18,  8.26it/s]
Stretch:  64%|██████▎   | 2005/3149 [09:27<02:16,  8.40it/s]
Stretch:  64%|██████▎   | 2006/3149 [09:27<02:18,  8.24it/s]
Stretch:  64%|██████▍   | 2008/3149 [09:27<02:07,  8.91it/s]
Stretch:  64%|██████▍   | 2009/3149 [09:27<02:20,  8.14it/s]
Stretch:  64%|██████▍   | 2011/3149 [09:28<02:05,  9.05it/s]
Stretch:  64%|██████▍   | 2012/3149 [09:28<02:04,  9.14it/s]
Stretch:  64%|██████▍   | 2013/3149 [09:28<02:17,  8.25it/s]
Stretch:  64%|██████▍   | 2014/3149 [09:28<02:24,  7.87it/s]
Stretch:  64%|██████▍   | 2016/3149 [09:28<02:06,  8.95it/s]
Stretch:  64%|██████▍   | 2018/3149 [09:28<02:12,  8.52it/s]
Stretch:  64%|██████▍   | 2019/3149 [09:29<02:10,  8.69it/s]
Stretch:  64%|██████▍   | 2021/3149 [09:29<02:04,  9.05it/s]
Stretch:  64%|██████▍   | 2023/3149 [09:29<02:01,  9.27it/s]
Stretch:  64%|██████▍   | 2024/3149 [09:29<02:16,  8.25it/s]
Stretch:  64%|██████▍   | 2026/3149 [09:29<02:02,  9.16it/s]
Stretch:  64%|██████▍   | 2028/3149 [09:30<02:12,  8.44it/s]
Stretch:  64%|██████▍   | 2029/3149 [09:30<02:45,  6.78it/s]
Stretch:  64%|██████▍   | 2030/3149 [09:30<03:33,  5.24it/s]
Stretch:  64%|██████▍   | 2031/3149 [09:30<03:58,  4.69it/s]
Stretch:  65%|██████▍   | 2032/3149 [09:31<04:28,  4.16it/s]
Stretch:  65%|██████▍   | 2033/3149 [09:31<04:31,  4.11it/s]
Stretch:  65%|██████▍   | 2034/3149 [09:31<04:33,  4.08it/s]
Stretch:  65%|██████▍   | 2035/3149 [09:32<04:55,  3.76it/s]
Stretch:  65%|██████▍   | 2036/3149 [09:32<04:36,  4.02it/s]
Stretch:  65%|██████▍   | 2038/3149 [09:32<03:30,  5.27it/s]
Stretch:  65%|██████▍   | 2039/3149 [09:32<03:35,  5.15it/s]
Stretch:  65%|██████▍   | 2040/3149 [09:33<04:31,  4.09it/s]
Stretch:  65%|██████▍   | 2041/3149 [09:33<04:22,  4.23it/s]
Stretch:  65%|██████▍   | 2042/3149 [09:33<04:09,  4.44it/s]
Stretch:  65%|██████▍   | 2043/3149 [09:33<04:38,  3.97it/s]
Stretch:  65%|██████▍   | 2044/3149 [09:34<05:01,  3.67it/s]
Stretch:  65%|██████▍   | 2045/3149 [09:34<05:04,  3.63it/s]
Stretch:  65%|██████▍   | 2046/3149 [09:34<05:35,  3.29it/s]
Stretch:  65%|██████▌   | 2047/3149 [09:35<05:17,  3.47it/s]
Stretch:  65%|██████▌   | 2048/3149 [09:35<05:24,  3.39it/s]
Stretch:  65%|██████▌   | 2049/3149 [09:35<05:08,  3.57it/s]
Stretch:  65%|██████▌   | 2050/3149 [09:35<05:14,  3.50it/s]
Stretch:  65%|██████▌   | 2051/3149 [09:36<05:22,  3.41it/s]
Stretch:  65%|██████▌   | 2052/3149 [09:36<05:07,  3.57it/s]
Stretch:  65%|██████▌   | 2053/3149 [09:36<05:18,  3.44it/s]
Stretch:  65%|██████▌   | 2054/3149 [09:37<05:36,  3.25it/s]
Stretch:  65%|██████▌   | 2056/3149 [09:37<03:38,  5.01it/s]
Stretch:  65%|██████▌   | 2058/3149 [09:37<02:53,  6.29it/s]
Stretch:  65%|██████▌   | 2059/3149 [09:37<02:39,  6.83it/s]
Stretch:  65%|██████▌   | 2061/3149 [09:37<02:16,  8.00it/s]
Stretch:  66%|██████▌   | 2063/3149 [09:38<02:04,  8.75it/s]
Stretch:  66%|██████▌   | 2065/3149 [09:38<01:53,  9.58it/s]
Stretch:  66%|██████▌   | 2067/3149 [09:38<01:46, 10.15it/s]
Stretch:  66%|██████▌   | 2069/3149 [09:38<01:42, 10.50it/s]
Stretch:  66%|██████▌   | 2071/3149 [09:38<01:37, 11.09it/s]
Stretch:  66%|██████▌   | 2073/3149 [09:38<01:44, 10.31it/s]
Stretch:  66%|██████▌   | 2075/3149 [09:39<02:02,  8.78it/s]
Stretch:  66%|██████▌   | 2076/3149 [09:39<02:16,  7.85it/s]
Stretch:  66%|██████▌   | 2078/3149 [09:39<02:03,  8.64it/s]
Stretch:  66%|██████▌   | 2080/3149 [09:39<01:51,  9.56it/s]
Stretch:  66%|██████▌   | 2082/3149 [09:39<01:45, 10.07it/s]
Stretch:  66%|██████▌   | 2084/3149 [09:40<01:42, 10.42it/s]
Stretch:  66%|██████▌   | 2086/3149 [09:40<01:38, 10.76it/s]
Stretch:  66%|██████▋   | 2088/3149 [09:40<01:35, 11.11it/s]
Stretch:  66%|██████▋   | 2090/3149 [09:40<01:31, 11.53it/s]
Stretch:  66%|██████▋   | 2092/3149 [09:40<01:31, 11.60it/s]
Stretch:  66%|██████▋   | 2094/3149 [09:40<01:36, 10.90it/s]
Stretch:  67%|██████▋   | 2096/3149 [09:41<01:40, 10.45it/s]
Stretch:  67%|██████▋   | 2098/3149 [09:41<01:54,  9.19it/s]
Stretch:  67%|██████▋   | 2099/3149 [09:41<02:00,  8.73it/s]
Stretch:  67%|██████▋   | 2100/3149 [09:41<02:00,  8.69it/s]
Stretch:  67%|██████▋   | 2101/3149 [09:41<02:04,  8.43it/s]
Stretch:  67%|██████▋   | 2102/3149 [09:42<02:09,  8.11it/s]
Stretch:  67%|██████▋   | 2103/3149 [09:42<02:11,  7.98it/s]
Stretch:  67%|██████▋   | 2104/3149 [09:42<02:17,  7.58it/s]
Stretch:  67%|██████▋   | 2105/3149 [09:42<02:20,  7.42it/s]
Stretch:  67%|██████▋   | 2106/3149 [09:42<02:19,  7.46it/s]
Stretch:  67%|██████▋   | 2107/3149 [09:42<02:27,  7.08it/s]
Stretch:  67%|██████▋   | 2108/3149 [09:42<02:27,  7.07it/s]
Stretch:  67%|██████▋   | 2109/3149 [09:42<02:19,  7.44it/s]
Stretch:  67%|██████▋   | 2110/3149 [09:43<02:11,  7.92it/s]
Stretch:  67%|██████▋   | 2111/3149 [09:43<02:08,  8.10it/s]
Stretch:  67%|██████▋   | 2112/3149 [09:43<02:10,  7.97it/s]
Stretch:  67%|██████▋   | 2113/3149 [09:43<02:07,  8.11it/s]
Stretch:  67%|██████▋   | 2114/3149 [09:43<02:14,  7.70it/s]
Stretch:  67%|██████▋   | 2115/3149 [09:43<02:30,  6.85it/s]
Stretch:  67%|██████▋   | 2116/3149 [09:43<02:27,  6.98it/s]
Stretch:  67%|██████▋   | 2117/3149 [09:44<04:26,  3.87it/s]
Stretch:  67%|██████▋   | 2118/3149 [09:44<03:54,  4.40it/s]
Stretch:  67%|██████▋   | 2119/3149 [09:44<03:21,  5.12it/s]
Stretch:  67%|██████▋   | 2120/3149 [09:44<03:06,  5.51it/s]
Stretch:  67%|██████▋   | 2121/3149 [09:45<03:06,  5.50it/s]
Stretch:  67%|██████▋   | 2122/3149 [09:45<02:46,  6.15it/s]
Stretch:  67%|██████▋   | 2123/3149 [09:45<02:34,  6.62it/s]
Stretch:  67%|██████▋   | 2124/3149 [09:45<02:25,  7.02it/s]
Stretch:  67%|██████▋   | 2125/3149 [09:45<02:33,  6.67it/s]
Stretch:  68%|██████▊   | 2126/3149 [09:45<02:43,  6.24it/s]
Stretch:  68%|██████▊   | 2127/3149 [09:45<02:26,  6.96it/s]
Stretch:  68%|██████▊   | 2128/3149 [09:45<02:17,  7.41it/s]
Stretch:  68%|██████▊   | 2129/3149 [09:46<02:22,  7.15it/s]
Stretch:  68%|██████▊   | 2130/3149 [09:46<03:04,  5.52it/s]
Stretch:  68%|██████▊   | 2131/3149 [09:46<02:52,  5.89it/s]
Stretch:  68%|██████▊   | 2132/3149 [09:46<02:38,  6.44it/s]
Stretch:  68%|██████▊   | 2133/3149 [09:46<02:41,  6.30it/s]
Stretch:  68%|██████▊   | 2134/3149 [09:46<02:29,  6.77it/s]
Stretch:  68%|██████▊   | 2135/3149 [09:47<02:23,  7.08it/s]
Stretch:  68%|██████▊   | 2136/3149 [09:47<02:10,  7.74it/s]
Stretch:  68%|██████▊   | 2138/3149 [09:47<02:01,  8.30it/s]
Stretch:  68%|██████▊   | 2140/3149 [09:47<01:49,  9.26it/s]
Stretch:  68%|██████▊   | 2142/3149 [09:47<01:40,  9.98it/s]
Stretch:  68%|██████▊   | 2144/3149 [09:47<01:33, 10.74it/s]
Stretch:  68%|██████▊   | 2146/3149 [09:48<01:29, 11.21it/s]
Stretch:  68%|██████▊   | 2148/3149 [09:48<01:30, 11.03it/s]
Stretch:  68%|██████▊   | 2150/3149 [09:48<01:31, 10.95it/s]
Stretch:  68%|██████▊   | 2152/3149 [09:49<02:31,  6.58it/s]
Stretch:  68%|██████▊   | 2154/3149 [09:49<02:14,  7.39it/s]
Stretch:  68%|██████▊   | 2156/3149 [09:49<02:00,  8.22it/s]
Stretch:  69%|██████▊   | 2158/3149 [09:49<01:49,  9.05it/s]
Stretch:  69%|██████▊   | 2160/3149 [09:49<01:49,  9.00it/s]
Stretch:  69%|██████▊   | 2161/3149 [09:49<01:51,  8.87it/s]
Stretch:  69%|██████▊   | 2162/3149 [09:50<01:51,  8.83it/s]
Stretch:  69%|██████▊   | 2164/3149 [09:50<01:43,  9.56it/s]
Stretch:  69%|██████▉   | 2166/3149 [09:50<01:39,  9.92it/s]
Stretch:  69%|██████▉   | 2168/3149 [09:50<01:36, 10.13it/s]
Stretch:  69%|██████▉   | 2170/3149 [09:50<01:33, 10.51it/s]
Stretch:  69%|██████▉   | 2172/3149 [09:51<02:18,  7.04it/s]
Stretch:  69%|██████▉   | 2174/3149 [09:51<02:03,  7.89it/s]
Stretch:  69%|██████▉   | 2176/3149 [09:51<01:50,  8.80it/s]
Stretch:  69%|██████▉   | 2178/3149 [09:51<01:42,  9.49it/s]
Stretch:  69%|██████▉   | 2180/3149 [09:51<01:37,  9.89it/s]
Stretch:  69%|██████▉   | 2182/3149 [09:52<01:34, 10.19it/s]
Stretch:  69%|██████▉   | 2184/3149 [09:52<01:38,  9.84it/s]
Stretch:  69%|██████▉   | 2186/3149 [09:52<01:35, 10.09it/s]
Stretch:  69%|██████▉   | 2188/3149 [09:52<01:34, 10.12it/s]
Stretch:  70%|██████▉   | 2190/3149 [09:52<01:33, 10.21it/s]
Stretch:  70%|██████▉   | 2192/3149 [09:53<01:41,  9.46it/s]
Stretch:  70%|██████▉   | 2193/3149 [09:53<01:46,  8.97it/s]
Stretch:  70%|██████▉   | 2194/3149 [09:53<01:46,  8.94it/s]
Stretch:  70%|██████▉   | 2195/3149 [09:53<01:46,  8.92it/s]
Stretch:  70%|██████▉   | 2196/3149 [09:53<01:52,  8.50it/s]
Stretch:  70%|██████▉   | 2197/3149 [09:53<01:50,  8.59it/s]
Stretch:  70%|██████▉   | 2199/3149 [09:54<01:49,  8.70it/s]
Stretch:  70%|██████▉   | 2200/3149 [09:54<01:45,  8.97it/s]
Stretch:  70%|██████▉   | 2202/3149 [09:54<01:45,  8.95it/s]
Stretch:  70%|██████▉   | 2204/3149 [09:54<01:40,  9.41it/s]
Stretch:  70%|███████   | 2206/3149 [09:54<01:49,  8.62it/s]
Stretch:  70%|███████   | 2207/3149 [09:55<02:26,  6.44it/s]
Stretch:  70%|███████   | 2208/3149 [09:55<02:19,  6.77it/s]
Stretch:  70%|███████   | 2209/3149 [09:55<02:10,  7.22it/s]
Stretch:  70%|███████   | 2211/3149 [09:55<01:53,  8.26it/s]
Stretch:  70%|███████   | 2212/3149 [09:55<01:59,  7.84it/s]
Stretch:  70%|███████   | 2214/3149 [09:55<01:50,  8.46it/s]
Stretch:  70%|███████   | 2215/3149 [09:56<01:46,  8.75it/s]
Stretch:  70%|███████   | 2217/3149 [09:56<01:37,  9.58it/s]
Stretch:  70%|███████   | 2219/3149 [09:56<01:30, 10.33it/s]
Stretch:  71%|███████   | 2221/3149 [09:56<01:34,  9.83it/s]
Stretch:  71%|███████   | 2222/3149 [09:56<01:34,  9.79it/s]
Stretch:  71%|███████   | 2223/3149 [09:56<01:34,  9.78it/s]
Stretch:  71%|███████   | 2224/3149 [09:56<01:45,  8.79it/s]
Stretch:  71%|███████   | 2225/3149 [09:57<01:45,  8.79it/s]
Stretch:  71%|███████   | 2227/3149 [09:57<01:45,  8.70it/s]
Stretch:  71%|███████   | 2228/3149 [09:57<02:58,  5.17it/s]
Stretch:  71%|███████   | 2229/3149 [09:57<02:41,  5.69it/s]
Stretch:  71%|███████   | 2231/3149 [09:58<02:13,  6.87it/s]
Stretch:  71%|███████   | 2233/3149 [09:58<02:00,  7.58it/s]
Stretch:  71%|███████   | 2234/3149 [09:58<03:19,  4.59it/s]
Stretch:  71%|███████   | 2235/3149 [09:59<03:31,  4.31it/s]
Stretch:  71%|███████   | 2236/3149 [10:00<06:30,  2.34it/s]
Stretch:  71%|███████   | 2237/3149 [10:01<08:52,  1.71it/s]
Stretch:  71%|███████   | 2238/3149 [10:01<09:51,  1.54it/s]
Stretch:  71%|███████   | 2239/3149 [10:02<10:50,  1.40it/s]
Stretch:  71%|███████   | 2240/3149 [10:03<10:55,  1.39it/s]
Stretch:  71%|███████   | 2241/3149 [10:03<08:15,  1.83it/s]
Stretch:  71%|███████   | 2243/3149 [10:03<05:09,  2.93it/s]
Stretch:  71%|███████▏  | 2245/3149 [10:04<03:36,  4.18it/s]
Stretch:  71%|███████▏  | 2246/3149 [10:04<03:13,  4.67it/s]
Stretch:  71%|███████▏  | 2248/3149 [10:04<02:39,  5.63it/s]
Stretch:  71%|███████▏  | 2250/3149 [10:04<02:14,  6.69it/s]
Stretch:  72%|███████▏  | 2252/3149 [10:04<01:53,  7.90it/s]
Stretch:  72%|███████▏  | 2254/3149 [10:04<01:41,  8.77it/s]
Stretch:  72%|███████▏  | 2256/3149 [10:05<01:32,  9.66it/s]
Stretch:  72%|███████▏  | 2258/3149 [10:05<01:30,  9.80it/s]
Stretch:  72%|███████▏  | 2260/3149 [10:05<01:26, 10.26it/s]
Stretch:  72%|███████▏  | 2262/3149 [10:05<01:23, 10.63it/s]
Stretch:  72%|███████▏  | 2264/3149 [10:05<01:23, 10.55it/s]
Stretch:  72%|███████▏  | 2266/3149 [10:06<01:24, 10.48it/s]
Stretch:  72%|███████▏  | 2268/3149 [10:06<01:23, 10.50it/s]
Stretch:  72%|███████▏  | 2270/3149 [10:06<01:22, 10.64it/s]
Stretch:  72%|███████▏  | 2272/3149 [10:06<01:22, 10.69it/s]
Stretch:  72%|███████▏  | 2274/3149 [10:06<01:20, 10.94it/s]
Stretch:  72%|███████▏  | 2276/3149 [10:06<01:20, 10.81it/s]
Stretch:  72%|███████▏  | 2278/3149 [10:07<01:19, 10.93it/s]
Stretch:  72%|███████▏  | 2280/3149 [10:07<01:16, 11.33it/s]
Stretch:  72%|███████▏  | 2282/3149 [10:07<01:16, 11.36it/s]
Stretch:  73%|███████▎  | 2284/3149 [10:07<01:18, 10.99it/s]
Stretch:  73%|███████▎  | 2286/3149 [10:07<01:24, 10.24it/s]
Stretch:  73%|███████▎  | 2288/3149 [10:08<01:29,  9.65it/s]
Stretch:  73%|███████▎  | 2290/3149 [10:08<01:22, 10.35it/s]
Stretch:  73%|███████▎  | 2292/3149 [10:08<01:17, 11.05it/s]
Stretch:  73%|███████▎  | 2294/3149 [10:08<01:15, 11.27it/s]
Stretch:  73%|███████▎  | 2296/3149 [10:08<01:14, 11.51it/s]
Stretch:  73%|███████▎  | 2298/3149 [10:08<01:15, 11.34it/s]
Stretch:  73%|███████▎  | 2300/3149 [10:09<01:13, 11.55it/s]
Stretch:  73%|███████▎  | 2302/3149 [10:09<01:14, 11.44it/s]
Stretch:  73%|███████▎  | 2304/3149 [10:09<01:14, 11.27it/s]
Stretch:  73%|███████▎  | 2306/3149 [10:09<01:15, 11.13it/s]
Stretch:  73%|███████▎  | 2308/3149 [10:09<01:16, 10.98it/s]
Stretch:  73%|███████▎  | 2310/3149 [10:10<01:13, 11.34it/s]
Stretch:  73%|███████▎  | 2312/3149 [10:10<01:11, 11.78it/s]
Stretch:  73%|███████▎  | 2314/3149 [10:10<01:12, 11.56it/s]
Stretch:  74%|███████▎  | 2316/3149 [10:10<01:14, 11.23it/s]
Stretch:  74%|███████▎  | 2318/3149 [10:10<01:11, 11.56it/s]
Stretch:  74%|███████▎  | 2320/3149 [10:10<01:10, 11.78it/s]
Stretch:  74%|███████▎  | 2322/3149 [10:11<01:46,  7.75it/s]
Stretch:  74%|███████▍  | 2324/3149 [10:11<01:36,  8.52it/s]
Stretch:  74%|███████▍  | 2326/3149 [10:11<01:31,  8.97it/s]
Stretch:  74%|███████▍  | 2328/3149 [10:11<01:23,  9.81it/s]
Stretch:  74%|███████▍  | 2330/3149 [10:12<01:19, 10.31it/s]
Stretch:  74%|███████▍  | 2332/3149 [10:12<01:20, 10.10it/s]
Stretch:  74%|███████▍  | 2334/3149 [10:12<01:17, 10.52it/s]
Stretch:  74%|███████▍  | 2336/3149 [10:12<01:16, 10.69it/s]
Stretch:  74%|███████▍  | 2338/3149 [10:12<01:13, 11.05it/s]
Stretch:  74%|███████▍  | 2340/3149 [10:12<01:12, 11.23it/s]
Stretch:  74%|███████▍  | 2342/3149 [10:13<01:10, 11.42it/s]
Stretch:  74%|███████▍  | 2344/3149 [10:13<01:10, 11.42it/s]
Stretch:  74%|███████▍  | 2346/3149 [10:13<01:09, 11.60it/s]
Stretch:  75%|███████▍  | 2348/3149 [10:13<01:08, 11.75it/s]
Stretch:  75%|███████▍  | 2350/3149 [10:13<01:08, 11.58it/s]
Stretch:  75%|███████▍  | 2352/3149 [10:13<01:10, 11.29it/s]
Stretch:  75%|███████▍  | 2354/3149 [10:14<01:11, 11.13it/s]
Stretch:  75%|███████▍  | 2356/3149 [10:14<01:08, 11.53it/s]
Stretch:  75%|███████▍  | 2358/3149 [10:14<01:08, 11.49it/s]
Stretch:  75%|███████▍  | 2360/3149 [10:14<01:08, 11.60it/s]
Stretch:  75%|███████▌  | 2362/3149 [10:14<01:10, 11.18it/s]
Stretch:  75%|███████▌  | 2364/3149 [10:15<01:13, 10.62it/s]
Stretch:  75%|███████▌  | 2366/3149 [10:15<01:11, 11.02it/s]
Stretch:  75%|███████▌  | 2368/3149 [10:15<01:11, 10.89it/s]
Stretch:  75%|███████▌  | 2370/3149 [10:15<01:10, 11.13it/s]
Stretch:  75%|███████▌  | 2372/3149 [10:15<01:08, 11.26it/s]
Stretch:  75%|███████▌  | 2374/3149 [10:15<01:10, 11.06it/s]
Stretch:  75%|███████▌  | 2376/3149 [10:16<01:13, 10.52it/s]
Stretch:  76%|███████▌  | 2378/3149 [10:16<01:12, 10.59it/s]
Stretch:  76%|███████▌  | 2380/3149 [10:16<01:11, 10.78it/s]
Stretch:  76%|███████▌  | 2382/3149 [10:16<01:09, 11.06it/s]
Stretch:  76%|███████▌  | 2384/3149 [10:16<01:14, 10.28it/s]
Stretch:  76%|███████▌  | 2386/3149 [10:17<01:11, 10.64it/s]
Stretch:  76%|███████▌  | 2388/3149 [10:17<01:06, 11.42it/s]
Stretch:  76%|███████▌  | 2390/3149 [10:17<01:08, 11.06it/s]
Stretch:  76%|███████▌  | 2392/3149 [10:17<01:07, 11.21it/s]
Stretch:  76%|███████▌  | 2394/3149 [10:17<01:08, 11.08it/s]
Stretch:  76%|███████▌  | 2396/3149 [10:18<01:08, 10.99it/s]
Stretch:  76%|███████▌  | 2398/3149 [10:18<01:08, 10.95it/s]
Stretch:  76%|███████▌  | 2400/3149 [10:18<01:13, 10.15it/s]
Stretch:  76%|███████▋  | 2402/3149 [10:18<01:14,  9.97it/s]
Stretch:  76%|███████▋  | 2404/3149 [10:18<01:18,  9.53it/s]
Stretch:  76%|███████▋  | 2406/3149 [10:19<01:14, 10.02it/s]
Stretch:  76%|███████▋  | 2408/3149 [10:19<01:11, 10.43it/s]
Stretch:  77%|███████▋  | 2410/3149 [10:19<01:11, 10.27it/s]
Stretch:  77%|███████▋  | 2412/3149 [10:19<01:09, 10.54it/s]
Stretch:  77%|███████▋  | 2414/3149 [10:19<01:08, 10.75it/s]
Stretch:  77%|███████▋  | 2416/3149 [10:19<01:07, 10.85it/s]
Stretch:  77%|███████▋  | 2418/3149 [10:20<01:06, 10.97it/s]
Stretch:  77%|███████▋  | 2420/3149 [10:20<01:05, 11.06it/s]
Stretch:  77%|███████▋  | 2422/3149 [10:20<01:11, 10.22it/s]
Stretch:  77%|███████▋  | 2424/3149 [10:20<01:10, 10.24it/s]
Stretch:  77%|███████▋  | 2426/3149 [10:20<01:09, 10.33it/s]
Stretch:  77%|███████▋  | 2428/3149 [10:21<01:13,  9.85it/s]
Stretch:  77%|███████▋  | 2430/3149 [10:21<01:39,  7.23it/s]
Stretch:  77%|███████▋  | 2432/3149 [10:21<01:29,  8.02it/s]
Stretch:  77%|███████▋  | 2434/3149 [10:21<01:21,  8.82it/s]
Stretch:  77%|███████▋  | 2435/3149 [10:22<01:20,  8.91it/s]
Stretch:  77%|███████▋  | 2436/3149 [10:22<01:21,  8.78it/s]
Stretch:  77%|███████▋  | 2437/3149 [10:22<01:20,  8.82it/s]
Stretch:  77%|███████▋  | 2438/3149 [10:22<01:18,  9.05it/s]
Stretch:  77%|███████▋  | 2439/3149 [10:22<01:16,  9.24it/s]
Stretch:  78%|███████▊  | 2441/3149 [10:22<01:11,  9.92it/s]
Stretch:  78%|███████▊  | 2442/3149 [10:22<01:12,  9.79it/s]
Stretch:  78%|███████▊  | 2444/3149 [10:22<01:09, 10.20it/s]
Stretch:  78%|███████▊  | 2446/3149 [10:23<01:06, 10.50it/s]
Stretch:  78%|███████▊  | 2448/3149 [10:23<01:04, 10.92it/s]
Stretch:  78%|███████▊  | 2450/3149 [10:23<01:06, 10.46it/s]
Stretch:  78%|███████▊  | 2452/3149 [10:23<01:06, 10.54it/s]
Stretch:  78%|███████▊  | 2454/3149 [10:23<01:04, 10.79it/s]
Stretch:  78%|███████▊  | 2456/3149 [10:24<01:03, 10.84it/s]
Stretch:  78%|███████▊  | 2458/3149 [10:24<01:02, 11.10it/s]
Stretch:  78%|███████▊  | 2460/3149 [10:24<01:12,  9.44it/s]
Stretch:  78%|███████▊  | 2462/3149 [10:24<01:08, 10.05it/s]
Stretch:  78%|███████▊  | 2464/3149 [10:24<01:05, 10.45it/s]
Stretch:  78%|███████▊  | 2466/3149 [10:25<01:03, 10.68it/s]
Stretch:  78%|███████▊  | 2468/3149 [10:25<01:02, 10.97it/s]
Stretch:  78%|███████▊  | 2470/3149 [10:25<01:05, 10.38it/s]
Stretch:  79%|███████▊  | 2472/3149 [10:25<01:11,  9.45it/s]
Stretch:  79%|███████▊  | 2473/3149 [10:26<01:46,  6.38it/s]
Stretch:  79%|███████▊  | 2474/3149 [10:26<01:56,  5.78it/s]
Stretch:  79%|███████▊  | 2475/3149 [10:26<01:49,  6.17it/s]
Stretch:  79%|███████▊  | 2476/3149 [10:26<01:39,  6.74it/s]
Stretch:  79%|███████▊  | 2477/3149 [10:26<01:37,  6.90it/s]
Stretch:  79%|███████▊  | 2478/3149 [10:26<01:34,  7.12it/s]
Stretch:  79%|███████▊  | 2479/3149 [10:26<01:31,  7.29it/s]
Stretch:  79%|███████▉  | 2480/3149 [10:27<01:26,  7.77it/s]
Stretch:  79%|███████▉  | 2481/3149 [10:27<01:25,  7.80it/s]
Stretch:  79%|███████▉  | 2483/3149 [10:27<01:18,  8.46it/s]
Stretch:  79%|███████▉  | 2484/3149 [10:27<01:24,  7.83it/s]
Stretch:  79%|███████▉  | 2485/3149 [10:27<01:26,  7.70it/s]
Stretch:  79%|███████▉  | 2486/3149 [10:27<01:22,  7.99it/s]
Stretch:  79%|███████▉  | 2487/3149 [10:27<01:18,  8.46it/s]
Stretch:  79%|███████▉  | 2488/3149 [10:28<01:20,  8.24it/s]
Stretch:  79%|███████▉  | 2490/3149 [10:28<01:12,  9.04it/s]
Stretch:  79%|███████▉  | 2491/3149 [10:28<01:19,  8.31it/s]
Stretch:  79%|███████▉  | 2492/3149 [10:28<01:21,  8.10it/s]
Stretch:  79%|███████▉  | 2493/3149 [10:28<01:20,  8.16it/s]
Stretch:  79%|███████▉  | 2494/3149 [10:28<01:16,  8.56it/s]
Stretch:  79%|███████▉  | 2495/3149 [10:28<01:20,  8.10it/s]
Stretch:  79%|███████▉  | 2496/3149 [10:28<01:18,  8.28it/s]
Stretch:  79%|███████▉  | 2497/3149 [10:29<01:16,  8.52it/s]
Stretch:  79%|███████▉  | 2499/3149 [10:29<01:12,  8.94it/s]
Stretch:  79%|███████▉  | 2501/3149 [10:29<01:11,  9.08it/s]
Stretch:  79%|███████▉  | 2502/3149 [10:29<01:14,  8.65it/s]
Stretch:  80%|███████▉  | 2504/3149 [10:29<01:08,  9.36it/s]
Stretch:  80%|███████▉  | 2505/3149 [10:29<01:09,  9.27it/s]
Stretch:  80%|███████▉  | 2506/3149 [10:30<01:12,  8.86it/s]
Stretch:  80%|███████▉  | 2507/3149 [10:30<01:10,  9.06it/s]
Stretch:  80%|███████▉  | 2508/3149 [10:30<01:12,  8.88it/s]
Stretch:  80%|███████▉  | 2509/3149 [10:30<01:11,  8.92it/s]
Stretch:  80%|███████▉  | 2510/3149 [10:30<01:10,  9.10it/s]
Stretch:  80%|███████▉  | 2511/3149 [10:30<01:08,  9.31it/s]
Stretch:  80%|███████▉  | 2512/3149 [10:30<01:08,  9.36it/s]
Stretch:  80%|███████▉  | 2514/3149 [10:30<01:03,  9.93it/s]
Stretch:  80%|███████▉  | 2515/3149 [10:31<01:17,  8.20it/s]
Stretch:  80%|███████▉  | 2517/3149 [10:31<01:13,  8.61it/s]
Stretch:  80%|███████▉  | 2519/3149 [10:31<01:06,  9.41it/s]
Stretch:  80%|████████  | 2520/3149 [10:31<01:07,  9.36it/s]
Stretch:  80%|████████  | 2522/3149 [10:31<01:02, 10.05it/s]
Stretch:  80%|████████  | 2524/3149 [10:31<01:01, 10.22it/s]
Stretch:  80%|████████  | 2526/3149 [10:32<00:59, 10.51it/s]
Stretch:  80%|████████  | 2528/3149 [10:32<00:58, 10.60it/s]
Stretch:  80%|████████  | 2530/3149 [10:32<00:58, 10.65it/s]
Stretch:  80%|████████  | 2532/3149 [10:32<01:00, 10.18it/s]
Stretch:  80%|████████  | 2534/3149 [10:32<01:00, 10.24it/s]
Stretch:  81%|████████  | 2536/3149 [10:33<00:57, 10.70it/s]
Stretch:  81%|████████  | 2538/3149 [10:33<01:00, 10.15it/s]
Stretch:  81%|████████  | 2540/3149 [10:33<00:59, 10.28it/s]
Stretch:  81%|████████  | 2542/3149 [10:33<01:02,  9.71it/s]
Stretch:  81%|████████  | 2543/3149 [10:33<01:07,  9.04it/s]
Stretch:  81%|████████  | 2544/3149 [10:33<01:07,  8.99it/s]
Stretch:  81%|████████  | 2545/3149 [10:34<01:08,  8.79it/s]
Stretch:  81%|████████  | 2547/3149 [10:34<01:05,  9.25it/s]
Stretch:  81%|████████  | 2549/3149 [10:34<01:04,  9.34it/s]
Stretch:  81%|████████  | 2550/3149 [10:34<01:05,  9.17it/s]
Stretch:  81%|████████  | 2552/3149 [10:34<01:01,  9.72it/s]
Stretch:  81%|████████  | 2554/3149 [10:35<00:59,  9.98it/s]
Stretch:  81%|████████  | 2555/3149 [10:35<01:00,  9.89it/s]
Stretch:  81%|████████  | 2556/3149 [10:35<01:02,  9.51it/s]
Stretch:  81%|████████  | 2558/3149 [10:35<00:58, 10.11it/s]
Stretch:  81%|████████▏ | 2560/3149 [10:35<00:54, 10.77it/s]
Stretch:  81%|████████▏ | 2562/3149 [10:36<01:34,  6.20it/s]
Stretch:  81%|████████▏ | 2563/3149 [10:36<01:31,  6.42it/s]
Stretch:  81%|████████▏ | 2565/3149 [10:36<01:18,  7.40it/s]
Stretch:  81%|████████▏ | 2566/3149 [10:36<01:16,  7.60it/s]
Stretch:  82%|████████▏ | 2568/3149 [10:36<01:06,  8.73it/s]
Stretch:  82%|████████▏ | 2569/3149 [10:36<01:05,  8.81it/s]
Stretch:  82%|████████▏ | 2571/3149 [10:37<00:58,  9.84it/s]
Stretch:  82%|████████▏ | 2573/3149 [10:37<01:02,  9.22it/s]
Stretch:  82%|████████▏ | 2574/3149 [10:37<01:11,  8.05it/s]
Stretch:  82%|████████▏ | 2575/3149 [10:37<01:18,  7.34it/s]
Stretch:  82%|████████▏ | 2576/3149 [10:37<01:14,  7.70it/s]
Stretch:  82%|████████▏ | 2578/3149 [10:37<01:03,  9.05it/s]
Stretch:  82%|████████▏ | 2580/3149 [10:38<00:58,  9.74it/s]
Stretch:  82%|████████▏ | 2582/3149 [10:38<00:54, 10.32it/s]
Stretch:  82%|████████▏ | 2584/3149 [10:38<00:56,  9.99it/s]
Stretch:  82%|████████▏ | 2586/3149 [10:38<00:58,  9.68it/s]
Stretch:  82%|████████▏ | 2588/3149 [10:39<01:33,  5.99it/s]
Stretch:  82%|████████▏ | 2589/3149 [10:39<01:27,  6.38it/s]
Stretch:  82%|████████▏ | 2590/3149 [10:39<01:21,  6.88it/s]
Stretch:  82%|████████▏ | 2592/3149 [10:39<01:10,  7.87it/s]
Stretch:  82%|████████▏ | 2594/3149 [10:39<01:05,  8.46it/s]
Stretch:  82%|████████▏ | 2596/3149 [10:40<00:58,  9.47it/s]
Stretch:  83%|████████▎ | 2598/3149 [10:40<00:54, 10.05it/s]
Stretch:  83%|████████▎ | 2600/3149 [10:40<00:53, 10.29it/s]
Stretch:  83%|████████▎ | 2602/3149 [10:40<00:50, 10.84it/s]
Stretch:  83%|████████▎ | 2604/3149 [10:40<00:47, 11.43it/s]
Stretch:  83%|████████▎ | 2606/3149 [10:40<00:49, 11.00it/s]
Stretch:  83%|████████▎ | 2608/3149 [10:41<00:50, 10.66it/s]
Stretch:  83%|████████▎ | 2610/3149 [10:41<00:56,  9.47it/s]
Stretch:  83%|████████▎ | 2611/3149 [10:41<00:58,  9.21it/s]
Stretch:  83%|████████▎ | 2612/3149 [10:41<00:57,  9.27it/s]
Stretch:  83%|████████▎ | 2613/3149 [10:41<00:58,  9.15it/s]
Stretch:  83%|████████▎ | 2614/3149 [10:41<01:00,  8.89it/s]
Stretch:  83%|████████▎ | 2616/3149 [10:42<00:59,  9.00it/s]
Stretch:  83%|████████▎ | 2617/3149 [10:42<00:58,  9.08it/s]
Stretch:  83%|████████▎ | 2619/3149 [10:42<00:54,  9.72it/s]
Stretch:  83%|████████▎ | 2620/3149 [10:42<00:55,  9.51it/s]
Stretch:  83%|████████▎ | 2621/3149 [10:42<00:55,  9.51it/s]
Stretch:  83%|████████▎ | 2622/3149 [10:42<00:55,  9.42it/s]
Stretch:  83%|████████▎ | 2624/3149 [10:42<00:56,  9.35it/s]
Stretch:  83%|████████▎ | 2625/3149 [10:43<00:56,  9.35it/s]
Stretch:  83%|████████▎ | 2627/3149 [10:43<00:49, 10.51it/s]
Stretch:  83%|████████▎ | 2629/3149 [10:43<00:48, 10.70it/s]
Stretch:  84%|████████▎ | 2631/3149 [10:43<00:48, 10.67it/s]
Stretch:  84%|████████▎ | 2633/3149 [10:43<00:47, 10.82it/s]
Stretch:  84%|████████▎ | 2635/3149 [10:43<00:47, 10.93it/s]
Stretch:  84%|████████▎ | 2637/3149 [10:44<00:45, 11.34it/s]
Stretch:  84%|████████▍ | 2639/3149 [10:44<00:45, 11.22it/s]
Stretch:  84%|████████▍ | 2641/3149 [10:44<00:44, 11.47it/s]
Stretch:  84%|████████▍ | 2643/3149 [10:44<00:43, 11.51it/s]
Stretch:  84%|████████▍ | 2645/3149 [10:44<00:49, 10.22it/s]
Stretch:  84%|████████▍ | 2647/3149 [10:45<00:52,  9.60it/s]
Stretch:  84%|████████▍ | 2648/3149 [10:45<00:52,  9.63it/s]
Stretch:  84%|████████▍ | 2650/3149 [10:45<01:24,  5.92it/s]
Stretch:  84%|████████▍ | 2651/3149 [10:45<01:19,  6.27it/s]
Stretch:  84%|████████▍ | 2653/3149 [10:46<01:07,  7.35it/s]
Stretch:  84%|████████▍ | 2655/3149 [10:46<00:58,  8.42it/s]
Stretch:  84%|████████▍ | 2656/3149 [10:46<00:57,  8.63it/s]
Stretch:  84%|████████▍ | 2658/3149 [10:46<00:55,  8.90it/s]
Stretch:  84%|████████▍ | 2659/3149 [10:46<00:55,  8.91it/s]
Stretch:  84%|████████▍ | 2660/3149 [10:46<00:55,  8.85it/s]
Stretch:  85%|████████▍ | 2661/3149 [10:46<00:54,  8.94it/s]
Stretch:  85%|████████▍ | 2662/3149 [10:47<00:59,  8.17it/s]
Stretch:  85%|████████▍ | 2663/3149 [10:47<00:58,  8.31it/s]
Stretch:  85%|████████▍ | 2664/3149 [10:47<00:59,  8.20it/s]
Stretch:  85%|████████▍ | 2665/3149 [10:47<00:56,  8.54it/s]
Stretch:  85%|████████▍ | 2667/3149 [10:47<00:50,  9.46it/s]
Stretch:  85%|████████▍ | 2668/3149 [10:47<00:51,  9.34it/s]
Stretch:  85%|████████▍ | 2669/3149 [10:47<01:00,  7.93it/s]
Stretch:  85%|████████▍ | 2670/3149 [10:48<01:02,  7.67it/s]
Stretch:  85%|████████▍ | 2671/3149 [10:48<01:02,  7.65it/s]
Stretch:  85%|████████▍ | 2672/3149 [10:48<00:58,  8.10it/s]
Stretch:  85%|████████▍ | 2673/3149 [10:48<00:55,  8.57it/s]
Stretch:  85%|████████▍ | 2675/3149 [10:48<00:50,  9.40it/s]
Stretch:  85%|████████▍ | 2676/3149 [10:48<00:51,  9.21it/s]
Stretch:  85%|████████▌ | 2677/3149 [10:48<00:53,  8.77it/s]
Stretch:  85%|████████▌ | 2678/3149 [10:48<00:55,  8.42it/s]
Stretch:  85%|████████▌ | 2679/3149 [10:49<00:54,  8.55it/s]
Stretch:  85%|████████▌ | 2681/3149 [10:49<00:52,  8.92it/s]
Stretch:  85%|████████▌ | 2682/3149 [10:49<00:52,  8.96it/s]
Stretch:  85%|████████▌ | 2684/3149 [10:49<00:47,  9.88it/s]
Stretch:  85%|████████▌ | 2686/3149 [10:49<00:46, 10.00it/s]
Stretch:  85%|████████▌ | 2688/3149 [10:49<00:45, 10.23it/s]
Stretch:  85%|████████▌ | 2690/3149 [10:50<00:45, 10.12it/s]
Stretch:  85%|████████▌ | 2692/3149 [10:50<00:50,  9.01it/s]
Stretch:  86%|████████▌ | 2694/3149 [10:50<00:47,  9.68it/s]
Stretch:  86%|████████▌ | 2696/3149 [10:50<00:44, 10.07it/s]
Stretch:  86%|████████▌ | 2698/3149 [10:50<00:44, 10.18it/s]
Stretch:  86%|████████▌ | 2700/3149 [10:51<00:44, 10.19it/s]
Stretch:  86%|████████▌ | 2702/3149 [10:51<00:42, 10.43it/s]
Stretch:  86%|████████▌ | 2704/3149 [10:51<00:40, 10.95it/s]
Stretch:  86%|████████▌ | 2706/3149 [10:51<00:39, 11.20it/s]
Stretch:  86%|████████▌ | 2708/3149 [10:51<00:38, 11.56it/s]
Stretch:  86%|████████▌ | 2710/3149 [10:52<00:39, 11.02it/s]
Stretch:  86%|████████▌ | 2712/3149 [10:52<00:43, 10.12it/s]
Stretch:  86%|████████▌ | 2714/3149 [10:52<00:45,  9.53it/s]
Stretch:  86%|████████▌ | 2715/3149 [10:52<00:46,  9.29it/s]
Stretch:  86%|████████▋ | 2717/3149 [10:52<00:43,  9.94it/s]
Stretch:  86%|████████▋ | 2718/3149 [10:52<00:43,  9.92it/s]
Stretch:  86%|████████▋ | 2720/3149 [10:53<00:42, 10.20it/s]
Stretch:  86%|████████▋ | 2722/3149 [10:53<00:41, 10.38it/s]
Stretch:  87%|████████▋ | 2724/3149 [10:53<00:39, 10.70it/s]
Stretch:  87%|████████▋ | 2726/3149 [10:53<00:39, 10.84it/s]
Stretch:  87%|████████▋ | 2728/3149 [10:53<00:39, 10.75it/s]
Stretch:  87%|████████▋ | 2730/3149 [10:53<00:37, 11.09it/s]
Stretch:  87%|████████▋ | 2732/3149 [10:54<00:36, 11.36it/s]
Stretch:  87%|████████▋ | 2734/3149 [10:54<00:35, 11.67it/s]
Stretch:  87%|████████▋ | 2736/3149 [10:54<00:35, 11.73it/s]
Stretch:  87%|████████▋ | 2738/3149 [10:55<01:02,  6.55it/s]
Stretch:  87%|████████▋ | 2740/3149 [10:55<00:54,  7.49it/s]
Stretch:  87%|████████▋ | 2742/3149 [10:55<00:48,  8.31it/s]
Stretch:  87%|████████▋ | 2744/3149 [10:55<00:45,  8.83it/s]
Stretch:  87%|████████▋ | 2746/3149 [10:55<00:46,  8.68it/s]
Stretch:  87%|████████▋ | 2747/3149 [10:56<00:48,  8.37it/s]
Stretch:  87%|████████▋ | 2748/3149 [10:56<00:47,  8.44it/s]
Stretch:  87%|████████▋ | 2749/3149 [10:56<00:47,  8.49it/s]
Stretch:  87%|████████▋ | 2750/3149 [10:56<00:55,  7.13it/s]
Stretch:  87%|████████▋ | 2751/3149 [10:56<01:28,  4.50it/s]
Stretch:  87%|████████▋ | 2752/3149 [10:57<01:41,  3.92it/s]
Stretch:  87%|████████▋ | 2753/3149 [10:57<01:38,  4.03it/s]
Stretch:  87%|████████▋ | 2754/3149 [10:57<01:27,  4.50it/s]
Stretch:  87%|████████▋ | 2755/3149 [10:57<01:15,  5.25it/s]
Stretch:  88%|████████▊ | 2756/3149 [10:57<01:08,  5.75it/s]
Stretch:  88%|████████▊ | 2757/3149 [10:58<01:00,  6.46it/s]
Stretch:  88%|████████▊ | 2758/3149 [10:58<00:55,  7.03it/s]
Stretch:  88%|████████▊ | 2759/3149 [10:58<00:51,  7.57it/s]
Stretch:  88%|████████▊ | 2760/3149 [10:58<00:51,  7.55it/s]
Stretch:  88%|████████▊ | 2761/3149 [10:58<00:49,  7.85it/s]
Stretch:  88%|████████▊ | 2762/3149 [10:58<00:49,  7.82it/s]
Stretch:  88%|████████▊ | 2763/3149 [10:58<00:48,  7.94it/s]
Stretch:  88%|████████▊ | 2764/3149 [10:58<00:48,  7.92it/s]
Stretch:  88%|████████▊ | 2765/3149 [10:58<00:45,  8.41it/s]
Stretch:  88%|████████▊ | 2766/3149 [10:59<00:48,  7.87it/s]
Stretch:  88%|████████▊ | 2767/3149 [10:59<00:47,  8.08it/s]
Stretch:  88%|████████▊ | 2768/3149 [10:59<00:44,  8.55it/s]
Stretch:  88%|████████▊ | 2769/3149 [10:59<00:43,  8.69it/s]
Stretch:  88%|████████▊ | 2771/3149 [10:59<00:41,  9.17it/s]
Stretch:  88%|████████▊ | 2772/3149 [10:59<00:42,  8.79it/s]
Stretch:  88%|████████▊ | 2773/3149 [10:59<00:43,  8.71it/s]
Stretch:  88%|████████▊ | 2774/3149 [11:00<00:45,  8.22it/s]
Stretch:  88%|████████▊ | 2775/3149 [11:00<00:44,  8.37it/s]
Stretch:  88%|████████▊ | 2777/3149 [11:00<00:38,  9.71it/s]
Stretch:  88%|████████▊ | 2778/3149 [11:00<00:46,  8.02it/s]
Stretch:  88%|████████▊ | 2780/3149 [11:00<00:42,  8.74it/s]
Stretch:  88%|████████▊ | 2782/3149 [11:00<00:39,  9.20it/s]
Stretch:  88%|████████▊ | 2783/3149 [11:00<00:39,  9.34it/s]
Stretch:  88%|████████▊ | 2784/3149 [11:01<00:39,  9.14it/s]
Stretch:  88%|████████▊ | 2786/3149 [11:01<00:38,  9.32it/s]
Stretch:  89%|████████▊ | 2787/3149 [11:01<00:39,  9.18it/s]
Stretch:  89%|████████▊ | 2788/3149 [11:01<00:39,  9.21it/s]
Stretch:  89%|████████▊ | 2789/3149 [11:01<00:40,  8.81it/s]
Stretch:  89%|████████▊ | 2791/3149 [11:01<00:40,  8.86it/s]
Stretch:  89%|████████▊ | 2793/3149 [11:02<00:39,  8.99it/s]
Stretch:  89%|████████▉ | 2795/3149 [11:02<00:39,  8.86it/s]
Stretch:  89%|████████▉ | 2796/3149 [11:02<00:39,  9.02it/s]
Stretch:  89%|████████▉ | 2798/3149 [11:02<00:36,  9.50it/s]
Stretch:  89%|████████▉ | 2800/3149 [11:02<00:34, 10.18it/s]
Stretch:  89%|████████▉ | 2802/3149 [11:03<00:34, 10.06it/s]
Stretch:  89%|████████▉ | 2804/3149 [11:03<00:32, 10.73it/s]
Stretch:  89%|████████▉ | 2806/3149 [11:03<00:30, 11.21it/s]
Stretch:  89%|████████▉ | 2808/3149 [11:03<00:33, 10.14it/s]
Stretch:  89%|████████▉ | 2810/3149 [11:03<00:34,  9.73it/s]
Stretch:  89%|████████▉ | 2812/3149 [11:03<00:33, 10.14it/s]
Stretch:  89%|████████▉ | 2814/3149 [11:04<00:31, 10.68it/s]
Stretch:  89%|████████▉ | 2816/3149 [11:04<00:30, 10.82it/s]
Stretch:  89%|████████▉ | 2818/3149 [11:04<00:30, 11.01it/s]
Stretch:  90%|████████▉ | 2820/3149 [11:04<00:28, 11.37it/s]
Stretch:  90%|████████▉ | 2822/3149 [11:04<00:28, 11.34it/s]
Stretch:  90%|████████▉ | 2824/3149 [11:05<00:30, 10.59it/s]
Stretch:  90%|████████▉ | 2826/3149 [11:05<00:50,  6.43it/s]
Stretch:  90%|████████▉ | 2827/3149 [11:05<00:47,  6.84it/s]
Stretch:  90%|████████▉ | 2828/3149 [11:05<00:44,  7.26it/s]
Stretch:  90%|████████▉ | 2830/3149 [11:06<00:38,  8.35it/s]
Stretch:  90%|████████▉ | 2831/3149 [11:06<00:37,  8.42it/s]
Stretch:  90%|████████▉ | 2832/3149 [11:06<00:37,  8.47it/s]
Stretch:  90%|████████▉ | 2834/3149 [11:06<00:34,  9.07it/s]
Stretch:  90%|█████████ | 2835/3149 [11:06<00:34,  9.17it/s]
Stretch:  90%|█████████ | 2837/3149 [11:06<00:30, 10.33it/s]
Stretch:  90%|█████████ | 2839/3149 [11:06<00:31,  9.94it/s]
Stretch:  90%|█████████ | 2841/3149 [11:07<00:31,  9.76it/s]
Stretch:  90%|█████████ | 2842/3149 [11:07<00:33,  9.22it/s]
Stretch:  90%|█████████ | 2843/3149 [11:07<00:34,  8.98it/s]
Stretch:  90%|█████████ | 2844/3149 [11:07<00:34,  8.79it/s]
Stretch:  90%|█████████ | 2845/3149 [11:07<00:34,  8.80it/s]
Stretch:  90%|█████████ | 2847/3149 [11:07<00:31,  9.45it/s]
Stretch:  90%|█████████ | 2849/3149 [11:07<00:29, 10.17it/s]
Stretch:  91%|█████████ | 2851/3149 [11:08<00:28, 10.64it/s]
Stretch:  91%|█████████ | 2853/3149 [11:08<00:27, 10.94it/s]
Stretch:  91%|█████████ | 2855/3149 [11:08<00:27, 10.76it/s]
Stretch:  91%|█████████ | 2857/3149 [11:08<00:29, 10.04it/s]
Stretch:  91%|█████████ | 2859/3149 [11:08<00:28, 10.03it/s]
Stretch:  91%|█████████ | 2861/3149 [11:09<00:27, 10.37it/s]
Stretch:  91%|█████████ | 2863/3149 [11:09<00:27, 10.46it/s]
Stretch:  91%|█████████ | 2865/3149 [11:09<00:25, 10.96it/s]
Stretch:  91%|█████████ | 2867/3149 [11:09<00:25, 10.95it/s]
Stretch:  91%|█████████ | 2869/3149 [11:09<00:25, 11.19it/s]
Stretch:  91%|█████████ | 2871/3149 [11:10<00:24, 11.21it/s]
Stretch:  91%|█████████ | 2873/3149 [11:10<00:25, 10.95it/s]
Stretch:  91%|█████████▏| 2875/3149 [11:10<00:32,  8.56it/s]
Stretch:  91%|█████████▏| 2876/3149 [11:10<00:31,  8.75it/s]
Stretch:  91%|█████████▏| 2877/3149 [11:10<00:31,  8.54it/s]
Stretch:  91%|█████████▏| 2878/3149 [11:10<00:32,  8.38it/s]
Stretch:  91%|█████████▏| 2879/3149 [11:11<00:32,  8.37it/s]
Stretch:  91%|█████████▏| 2881/3149 [11:11<00:29,  9.07it/s]
Stretch:  92%|█████████▏| 2883/3149 [11:11<00:28,  9.37it/s]
Stretch:  92%|█████████▏| 2885/3149 [11:11<00:29,  9.08it/s]
Stretch:  92%|█████████▏| 2887/3149 [11:11<00:28,  9.26it/s]
Stretch:  92%|█████████▏| 2889/3149 [11:12<00:27,  9.48it/s]
Stretch:  92%|█████████▏| 2891/3149 [11:12<00:26,  9.79it/s]
Stretch:  92%|█████████▏| 2892/3149 [11:12<00:27,  9.34it/s]
Stretch:  92%|█████████▏| 2894/3149 [11:12<00:26,  9.56it/s]
Stretch:  92%|█████████▏| 2895/3149 [11:12<00:26,  9.41it/s]
Stretch:  92%|█████████▏| 2897/3149 [11:12<00:26,  9.53it/s]
Stretch:  92%|█████████▏| 2898/3149 [11:13<00:26,  9.50it/s]
Stretch:  92%|█████████▏| 2899/3149 [11:13<00:26,  9.56it/s]
Stretch:  92%|█████████▏| 2900/3149 [11:13<00:27,  9.12it/s]
Stretch:  92%|█████████▏| 2902/3149 [11:13<00:24, 10.17it/s]
Stretch:  92%|█████████▏| 2904/3149 [11:13<00:24, 10.10it/s]
Stretch:  92%|█████████▏| 2906/3149 [11:13<00:23, 10.52it/s]
Stretch:  92%|█████████▏| 2908/3149 [11:13<00:22, 10.49it/s]
Stretch:  92%|█████████▏| 2910/3149 [11:14<00:22, 10.77it/s]
Stretch:  92%|█████████▏| 2912/3149 [11:14<00:22, 10.52it/s]
Stretch:  93%|█████████▎| 2914/3149 [11:14<00:22, 10.46it/s]
Stretch:  93%|█████████▎| 2916/3149 [11:14<00:22, 10.39it/s]
Stretch:  93%|█████████▎| 2918/3149 [11:14<00:22, 10.42it/s]
Stretch:  93%|█████████▎| 2920/3149 [11:15<00:22, 10.38it/s]
Stretch:  93%|█████████▎| 2922/3149 [11:15<00:20, 10.83it/s]
Stretch:  93%|█████████▎| 2924/3149 [11:15<00:20, 10.95it/s]
Stretch:  93%|█████████▎| 2926/3149 [11:15<00:20, 10.97it/s]
Stretch:  93%|█████████▎| 2928/3149 [11:15<00:20, 10.92it/s]
Stretch:  93%|█████████▎| 2930/3149 [11:16<00:19, 10.96it/s]
Stretch:  93%|█████████▎| 2932/3149 [11:16<00:32,  6.66it/s]
Stretch:  93%|█████████▎| 2933/3149 [11:16<00:31,  6.96it/s]
Stretch:  93%|█████████▎| 2935/3149 [11:16<00:26,  8.07it/s]
Stretch:  93%|█████████▎| 2937/3149 [11:17<00:22,  9.34it/s]
Stretch:  93%|█████████▎| 2939/3149 [11:17<00:21,  9.61it/s]
Stretch:  93%|█████████▎| 2941/3149 [11:17<00:21,  9.62it/s]
Stretch:  93%|█████████▎| 2943/3149 [11:17<00:20,  9.96it/s]
Stretch:  94%|█████████▎| 2945/3149 [11:17<00:21,  9.68it/s]
Stretch:  94%|█████████▎| 2947/3149 [11:18<00:21,  9.31it/s]
Stretch:  94%|█████████▎| 2948/3149 [11:18<00:22,  9.09it/s]
Stretch:  94%|█████████▎| 2950/3149 [11:18<00:20,  9.64it/s]
Stretch:  94%|█████████▎| 2952/3149 [11:18<00:19, 10.24it/s]
Stretch:  94%|█████████▍| 2954/3149 [11:18<00:18, 10.82it/s]
Stretch:  94%|█████████▍| 2956/3149 [11:18<00:16, 11.47it/s]
Stretch:  94%|█████████▍| 2958/3149 [11:19<00:16, 11.79it/s]
Stretch:  94%|█████████▍| 2960/3149 [11:19<00:15, 11.91it/s]
Stretch:  94%|█████████▍| 2962/3149 [11:19<00:15, 12.00it/s]
Stretch:  94%|█████████▍| 2964/3149 [11:19<00:15, 12.21it/s]
Stretch:  94%|█████████▍| 2966/3149 [11:19<00:15, 12.05it/s]
Stretch:  94%|█████████▍| 2968/3149 [11:19<00:15, 12.06it/s]
Stretch:  94%|█████████▍| 2970/3149 [11:19<00:14, 12.26it/s]
Stretch:  94%|█████████▍| 2972/3149 [11:20<00:14, 12.38it/s]
Stretch:  94%|█████████▍| 2974/3149 [11:20<00:14, 12.18it/s]
Stretch:  95%|█████████▍| 2976/3149 [11:20<00:23,  7.42it/s]
Stretch:  95%|█████████▍| 2978/3149 [11:21<00:20,  8.30it/s]
Stretch:  95%|█████████▍| 2980/3149 [11:21<00:20,  8.33it/s]
Stretch:  95%|█████████▍| 2981/3149 [11:21<00:20,  8.36it/s]
Stretch:  95%|█████████▍| 2982/3149 [11:21<00:20,  8.34it/s]
Stretch:  95%|█████████▍| 2984/3149 [11:21<00:18,  8.87it/s]
Stretch:  95%|█████████▍| 2986/3149 [11:21<00:17,  9.21it/s]
Stretch:  95%|█████████▍| 2987/3149 [11:21<00:17,  9.34it/s]
Stretch:  95%|█████████▍| 2988/3149 [11:22<00:17,  9.27it/s]
Stretch:  95%|█████████▍| 2990/3149 [11:22<00:17,  9.10it/s]
Stretch:  95%|█████████▍| 2991/3149 [11:22<00:17,  9.10it/s]
Stretch:  95%|█████████▌| 2993/3149 [11:22<00:15,  9.91it/s]
Stretch:  95%|█████████▌| 2995/3149 [11:22<00:14, 10.56it/s]
Stretch:  95%|█████████▌| 2997/3149 [11:22<00:13, 11.02it/s]
Stretch:  95%|█████████▌| 2999/3149 [11:23<00:13, 11.41it/s]
Stretch:  95%|█████████▌| 3001/3149 [11:23<00:12, 11.96it/s]
Stretch:  95%|█████████▌| 3003/3149 [11:23<00:12, 12.02it/s]
Stretch:  95%|█████████▌| 3005/3149 [11:23<00:11, 12.25it/s]
Stretch:  95%|█████████▌| 3007/3149 [11:23<00:11, 12.24it/s]
Stretch:  96%|█████████▌| 3009/3149 [11:23<00:11, 12.18it/s]
Stretch:  96%|█████████▌| 3011/3149 [11:24<00:11, 12.29it/s]
Stretch:  96%|█████████▌| 3013/3149 [11:24<00:20,  6.76it/s]
Stretch:  96%|█████████▌| 3015/3149 [11:24<00:17,  7.82it/s]
Stretch:  96%|█████████▌| 3017/3149 [11:25<00:16,  8.16it/s]
Stretch:  96%|█████████▌| 3019/3149 [11:25<00:14,  8.92it/s]
Stretch:  96%|█████████▌| 3021/3149 [11:25<00:14,  9.14it/s]
Stretch:  96%|█████████▌| 3023/3149 [11:25<00:13,  9.64it/s]
Stretch:  96%|█████████▌| 3025/3149 [11:25<00:12, 10.06it/s]
Stretch:  96%|█████████▌| 3027/3149 [11:25<00:11, 10.27it/s]
Stretch:  96%|█████████▌| 3029/3149 [11:26<00:11, 10.83it/s]
Stretch:  96%|█████████▋| 3031/3149 [11:26<00:10, 11.32it/s]
Stretch:  96%|█████████▋| 3033/3149 [11:26<00:16,  7.03it/s]
Stretch:  96%|█████████▋| 3035/3149 [11:26<00:14,  8.05it/s]
Stretch:  96%|█████████▋| 3037/3149 [11:27<00:12,  8.93it/s]
Stretch:  97%|█████████▋| 3039/3149 [11:27<00:11,  9.52it/s]
Stretch:  97%|█████████▋| 3041/3149 [11:27<00:10, 10.16it/s]
Stretch:  97%|█████████▋| 3043/3149 [11:28<00:15,  6.70it/s]
Stretch:  97%|█████████▋| 3044/3149 [11:28<00:15,  6.81it/s]
Stretch:  97%|█████████▋| 3045/3149 [11:28<00:14,  7.12it/s]
Stretch:  97%|█████████▋| 3047/3149 [11:28<00:13,  7.66it/s]
Stretch:  97%|█████████▋| 3048/3149 [11:28<00:12,  7.92it/s]
Stretch:  97%|█████████▋| 3049/3149 [11:28<00:12,  8.19it/s]
Stretch:  97%|█████████▋| 3050/3149 [11:28<00:11,  8.41it/s]
Stretch:  97%|█████████▋| 3051/3149 [11:28<00:11,  8.61it/s]
Stretch:  97%|█████████▋| 3052/3149 [11:29<00:11,  8.16it/s]
Stretch:  97%|█████████▋| 3054/3149 [11:29<00:10,  9.06it/s]
Stretch:  97%|█████████▋| 3055/3149 [11:29<00:10,  8.81it/s]
Stretch:  97%|█████████▋| 3056/3149 [11:29<00:10,  8.90it/s]
Stretch:  97%|█████████▋| 3057/3149 [11:29<00:10,  8.75it/s]
Stretch:  97%|█████████▋| 3058/3149 [11:29<00:10,  8.85it/s]
Stretch:  97%|█████████▋| 3060/3149 [11:29<00:09,  9.13it/s]
Stretch:  97%|█████████▋| 3061/3149 [11:30<00:09,  9.28it/s]
Stretch:  97%|█████████▋| 3063/3149 [11:30<00:09,  9.42it/s]
Stretch:  97%|█████████▋| 3065/3149 [11:30<00:09,  9.16it/s]
Stretch:  97%|█████████▋| 3066/3149 [11:30<00:09,  9.05it/s]
Stretch:  97%|█████████▋| 3067/3149 [11:30<00:08,  9.18it/s]
Stretch:  97%|█████████▋| 3069/3149 [11:30<00:08,  9.68it/s]
Stretch:  97%|█████████▋| 3070/3149 [11:31<00:08,  9.32it/s]
Stretch:  98%|█████████▊| 3072/3149 [11:31<00:08,  8.82it/s]
Stretch:  98%|█████████▊| 3074/3149 [11:31<00:07,  9.50it/s]
Stretch:  98%|█████████▊| 3075/3149 [11:31<00:07,  9.58it/s]
Stretch:  98%|█████████▊| 3077/3149 [11:31<00:07, 10.24it/s]
Stretch:  98%|█████████▊| 3079/3149 [11:31<00:07,  9.96it/s]
Stretch:  98%|█████████▊| 3081/3149 [11:32<00:06,  9.76it/s]
Stretch:  98%|█████████▊| 3082/3149 [11:32<00:07,  9.28it/s]
Stretch:  98%|█████████▊| 3084/3149 [11:32<00:06,  9.69it/s]
Stretch:  98%|█████████▊| 3086/3149 [11:32<00:06, 10.04it/s]
Stretch:  98%|█████████▊| 3088/3149 [11:32<00:05, 10.36it/s]
Stretch:  98%|█████████▊| 3090/3149 [11:33<00:05, 10.62it/s]
Stretch:  98%|█████████▊| 3092/3149 [11:33<00:05, 10.88it/s]
Stretch:  98%|█████████▊| 3094/3149 [11:33<00:05, 10.24it/s]
Stretch:  98%|█████████▊| 3096/3149 [11:33<00:04, 10.75it/s]
Stretch:  98%|█████████▊| 3098/3149 [11:33<00:04, 11.39it/s]
Stretch:  98%|█████████▊| 3100/3149 [11:33<00:04, 11.58it/s]
Stretch:  99%|█████████▊| 3102/3149 [11:34<00:07,  6.69it/s]
Stretch:  99%|█████████▊| 3104/3149 [11:34<00:05,  7.65it/s]
Stretch:  99%|█████████▊| 3106/3149 [11:34<00:05,  8.46it/s]
Stretch:  99%|█████████▊| 3108/3149 [11:34<00:04,  9.43it/s]
Stretch:  99%|█████████▉| 3110/3149 [11:35<00:04,  9.66it/s]
Stretch:  99%|█████████▉| 3112/3149 [11:35<00:03, 10.32it/s]
Stretch:  99%|█████████▉| 3114/3149 [11:35<00:03, 10.67it/s]
Stretch:  99%|█████████▉| 3116/3149 [11:35<00:03, 10.02it/s]
Stretch:  99%|█████████▉| 3118/3149 [11:35<00:03,  9.37it/s]
Stretch:  99%|█████████▉| 3120/3149 [11:36<00:02,  9.83it/s]
Stretch:  99%|█████████▉| 3122/3149 [11:36<00:02, 10.29it/s]
Stretch:  99%|█████████▉| 3124/3149 [11:36<00:02, 10.73it/s]
Stretch:  99%|█████████▉| 3126/3149 [11:36<00:02, 10.71it/s]
Stretch:  99%|█████████▉| 3128/3149 [11:36<00:01, 10.88it/s]
Stretch:  99%|█████████▉| 3130/3149 [11:37<00:01, 10.79it/s]
Stretch:  99%|█████████▉| 3132/3149 [11:37<00:01, 10.92it/s]
Stretch: 100%|█████████▉| 3134/3149 [11:37<00:01, 11.37it/s]
Stretch: 100%|█████████▉| 3136/3149 [11:37<00:01, 11.36it/s]
Stretch: 100%|█████████▉| 3138/3149 [11:37<00:00, 11.37it/s]
Stretch: 100%|█████████▉| 3140/3149 [11:37<00:00, 11.36it/s]
Stretch: 100%|█████████▉| 3142/3149 [11:38<00:00, 11.55it/s]
Stretch: 100%|█████████▉| 3144/3149 [11:38<00:00, 11.31it/s]
Stretch: 100%|█████████▉| 3146/3149 [11:38<00:00, 11.03it/s]
Stretch: 100%|█████████▉| 3148/3149 [11:38<00:00, 10.78it/s]
Stretch: 100%|██████████| 3149/3149 [11:38<00:00,  4.51it/s]
Option E (percentile 2-98% stretch) -> /ailab_mat2/personal/jemo_maeng/dset/Drone/MULTIAQUA_night2/MULTIAQUA_night/data/thermal_strech
Total: 3149 images
Done. Saved to /ailab_mat2/personal/jemo_maeng/dset/Drone/MULTIAQUA_night2/MULTIAQUA_night/data/thermal_strech
